{
"type": "FeatureCollection",
"name": "map",
"crs": { "type": "name", "properties": { "name": "urn:ogc:def:crs:OGC:1.3:CRS84" } },
"features": [
{"type":"Feature","properties":{"fid":1,"featurecla":"Admin-1 states provinces","scalerank":2,"adm1_code":"IND-3299","diss_me":3299,"iso_3166_2":"IN-AR","wikipedia":null,"iso_a2":"IN","adm0_sr":1,"name":"Arunachal Pradesh","name_alt":"Agence de la Frontisre du Nord-Est(French-obsolete)|North East Frontier Agency","name_local":null,"type":"State","type_en":"State","code_local":null,"code_hasc":"IN.AR","note":null,"hasc_maybe":null,"region":"Northeast","region_cod":null,"provnum_ne":20045,"gadm_level":1,"check_me":20,"datarank":1,"abbrev":null,"postal":"AR","area_sqkm":0,"sameascity":-99,"labelrank":2,"name_len":17,"mapcolor9":2,"mapcolor13":2,"fips":"IN30","fips_alt":null,"woe_id":2345763,"woe_label":"Arunachal Pradesh, IN, India","woe_name":"Arunachal Pradesh","latitude":28.4056,"longitude":94.4673,"sov_a3":"IND","adm0_a3":"IND","adm0_label":5,"admin":"India","geonunit":"India","gu_a3":"IND","gn_id":1278341,"gn_name":"State of Arunachal Pradesh","gns_id":-2089163,"gns_name":"Arunachal Pradesh, State of","gn_level":1,"gn_region":null,"gn_a1_code":"IN.30","region_sub":null,"sub_code":null,"gns_level":1,"gns_lang":"nld","gns_adm1":"IN30","gns_region":null,"min_label":4.6,"max_label":10.1,"min_zoom":4.6,"wikidataid":"Q1162","name_ar":"أروناجل برديش","name_bn":"অরুণাচল প্রদেশ","name_de":"Arunachal Pradesh","name_en":"Arunachal Pradesh","name_es":"Arunachal Pradesh","name_fr":"Arunachal Pradesh","name_el":"Αρουνάτσαλ Πραντές","name_hi":"अरुणाचल प्रदेश","name_hu":"Arunácsal Prades","name_id":"Arunachal Pradesh","name_it":"Arunachal Pradesh","name_ja":"アルナーチャル・プラデーシュ州","name_ko":"아루나찰프라데시","name_nl":"Arunachal Pradesh","name_pl":"Arunachal Pradesh","name_pt":"Arunachal Pradesh","name_ru":"Аруначал-Прадеш","name_sv":"Arunachal Pradesh","name_tr":"Arunaçhal Pradesh","name_vi":"Arunachal Pradesh","name_zh":"阿鲁纳恰尔邦","ne_id":1159315223,"name_he":"ארונאצ'ל פרדש","name_uk":"Аруначал-Прадеш","name_ur":"اروناچل پردیش","name_fa":"آروناچال پرادش","name_zht":"阿魯納恰爾邦","FCLASS_ISO":null,"FCLASS_US":null,"FCLASS_FR":null,"FCLASS_RU":null,"FCLASS_ES":null,"FCLASS_CN":"Unrecognized","FCLASS_TW":null,"FCLASS_IN":null,"FCLASS_NP":null,"FCLASS_PK":null,"FCLASS_DE":null,"FCLASS_GB":null,"FCLASS_BR":null,"FCLASS_IL":null,"FCLASS_PS":null,"FCLASS_SA":null,"FCLASS_EG":null,"FCLASS_MA":null,"FCLASS_PT":null,"FCLASS_AR":null,"FCLASS_JP":null,"FCLASS_KO":null,"FCLASS_VN":null,"FCLASS_TR":null,"FCLASS_ID":null,"FCLASS_PL":null,"FCLASS_GR":null,"FCLASS_IT":null,"FCLASS_NL":null,"FCLASS_SE":null,"FCLASS_BD":null,"FCLASS_UA":null,"FCLASS_TLC":null},"geometry":{"type":"MultiPolygon","coordinates":[[[[88.911306186000047,21.566880601000037],[88.913910352000073,21.548407294000071],[88.907969597000033,21.53070709800005],[88.89576256600003,21.528469143000052],[88.879730665000068,21.529974677000041],[88.862478061000047,21.523586330000057],[88.838715040000068,21.531927802000041],[88.830821160000028,21.577378648000035],[88.841319207000083,21.61399974200009],[88.872894727000073,21.595526434000078],[88.888519727000073,21.589544989000046],[88.90202884200005,21.580267645000049],[88.911306186000047,21.566880601000037]]],[[[88.167002800000034,21.765448309000078],[88.16342207100007,21.705471096000053],[88.132578972000033,21.684963283000059],[88.144379102000073,21.657782294000071],[88.146006707000083,21.643744208000044],[88.139414910000028,21.63031647300005],[88.130056186000047,21.625921942000048],[88.11850019600007,21.62767161700009],[88.091563347000033,21.636542059000078],[88.063487175000034,21.636664130000042],[88.051768425000034,21.641587632000039],[88.043142123000052,21.657619533000059],[88.04224694100003,21.668158270000049],[88.043955925000034,21.680853583000044],[88.050547722000033,21.70538971600007],[88.090017123000052,21.808661200000074],[88.119313998000052,21.859523830000057],[88.146739129000082,21.86985911700009],[88.167002800000034,21.765448309000078]]],[[[88.667002800000034,21.890326239000046],[88.655284050000034,21.866603908000059],[88.649180535000028,21.842352606000077],[88.646332227000073,21.787909247000073],[88.636241082000083,21.792669989000046],[88.599619988000029,21.803656317000048],[88.591807488000029,21.804388739000046],[88.590505405000044,21.812892971000053],[88.584971550000034,21.826605536000045],[88.584320509000065,21.835760809000078],[88.586273634000065,21.843003648000035],[88.598643425000034,21.86985911700009],[88.61646569100003,21.897935289000088],[88.636241082000083,21.921372789000088],[88.650157097000033,21.927435614000046],[88.663259311000047,21.921291408000059],[88.670583530000044,21.907416083000044],[88.667002800000034,21.890326239000046]]],[[[88.07390384200005,21.892157294000071],[88.077321811000047,21.90460846600007],[88.084727410000028,21.921576239000046],[88.094248894000032,21.937892971000053],[88.105723504000082,21.94757721600007],[88.118907097000033,21.945013739000046],[88.132578972000033,21.920477606000077],[88.125010613000029,21.888657945000091],[88.104991082000083,21.861151434000078],[88.080902540000068,21.849351304000038],[88.072276238000029,21.856756903000075],[88.071055535000028,21.873602606000077],[88.07390384200005,21.892157294000071]]],[[[88.840809367000077,27.075247701000094],[88.845615275000114,27.049564514000039],[88.845615275000114,26.994942526000088],[88.845615275000114,26.994839172000056],[88.851713094000047,26.945436504000028],[88.867112671000029,26.964246725000052],[88.886439657000096,26.978974508000064],[88.90664514100007,26.981093242000028],[88.924473511000031,26.961662903000061],[88.926953980000121,26.949415588000122],[88.925403686000095,26.939028626],[88.925300334000042,26.929365133000076],[88.932328328000096,26.9192365520001],[88.942766968000115,26.913707174000123],[88.954549195000084,26.912621969000028],[88.965814657000067,26.915464173000103],[88.975323120000041,26.921717021000077],[88.996613811000032,26.922750549000071],[89.021573527000044,26.912673645000027],[89.044879599000069,26.897119039000117],[89.060692587000062,26.881461080000051],[89.074335165000036,26.856398010000035],[89.082448364000072,26.836037496000117],[89.096504354000103,26.821413066000034],[89.128078655000081,26.813454895000078],[89.184612671000139,26.81056101500009],[89.212828003000084,26.813041484000067],[89.240836629000114,26.819759420000096],[89.252618856000083,26.826787415000084],[89.262954142000126,26.836347555000103],[89.27359948700007,26.843892314000058],[89.286363566000091,26.844977519000039],[89.300161173000106,26.844409078000083],[89.341657349000116,26.854330953000087],[89.368894557000033,26.837358593000076],[89.407338094000124,26.813403219000051],[89.442891480000071,26.797021789000027],[89.505419962000076,26.80368804900003],[89.546502726000028,26.797538554000042],[89.586086874000102,26.784051005],[89.611356649000072,26.765964254000082],[89.613475383000036,26.748549296000036],[89.597507365000126,26.720954081000045],[89.609806356000036,26.712220765000083],[89.628306518000102,26.712530823000051],[89.663239787000066,26.725501607000083],[89.685150595000039,26.72457143100003],[89.738739054000064,26.703280742000047],[89.754669662874619,26.70098856786808],[89.760288127000138,26.700180156],[89.800078980000137,26.700490214000084],[89.804058065000049,26.699766744000087],[89.813669882000056,26.696149394000102],[89.817287232000126,26.6962010700001],[89.82209314000005,26.701006979000041],[89.825245402000064,26.70767323900013],[89.826795695000101,26.713512675000018],[89.826744019000103,26.715683085000094],[89.827260783000042,26.717905172000101],[89.827674195000043,26.722452698000055],[89.82974125100003,26.727620341000048],[89.834960571000124,26.731547750000018],[89.839043010000125,26.731237691000032],[89.84700118000012,26.724829814000103],[89.850773559000118,26.723176168000052],[89.858700633627279,26.722056524089282],[89.859920288000126,26.721884257000099],[89.880280802000129,26.716251526000079],[89.890409384000066,26.714856262000083],[89.912113485000077,26.716716614000077],[89.975262085000054,26.73185780900009],[90.089156942000102,26.741728008000095],[90.127190796000036,26.751391500000111],[90.152202189000036,26.771752014000057],[90.177420289000054,26.832058410000045],[90.210906617000092,26.85148875000003],[90.229148397000131,26.852884013000093],[90.265993693000041,26.851592103000044],[90.284442180000042,26.857069804000034],[90.300875285000131,26.868283590000075],[90.314207805000137,26.88037587500007],[90.328573853000137,26.890659485000057],[90.348831014000041,26.89665395100009],[90.382627401000036,26.891796367000055],[90.475231567000094,26.832420146000047],[90.587782838000066,26.780071920000111],[90.717077271000107,26.767049459000063],[90.944492579668804,26.778869550389402],[91.007395468000084,26.782138977000059],[91.012780806888713,26.784348086295154],[91.062069133000136,26.804566549000057],[91.091938111000047,26.804773255000029],[91.127078085000107,26.800897522000056],[91.198184856000125,26.80234446200005],[91.232498006000128,26.795161438000022],[91.261953573000028,26.779038392000032],[91.27600956200007,26.774077454000079],[91.296576782000045,26.774594218000018],[91.31321659300005,26.77867665700002],[91.33006311000014,26.785497945000074],[91.345566040000051,26.794696350000081],[91.35838179600006,26.806168519],[91.370060669000111,26.824668681000034],[91.378122193000081,26.842807108000059],[91.388457479000124,26.858465068],[91.406337524000094,26.869523824000012],[91.420186809000029,26.871539205000047],[91.460597778000135,26.869368795000057],[91.475067179000064,26.865544739000129],[91.484472290000099,26.852728984000052],[91.507416626000065,26.80802887],[91.520645793000028,26.797590230000068],[91.539352662000113,26.798830465000023],[91.575629517000095,26.81014760300009],[91.593716268000094,26.810767721000062],[91.637951295000107,26.798985494000036],[91.6537642830001,26.797951965000053],[91.702133423000134,26.803481344000076],[91.731588989000045,26.816193746000025],[91.795254354000065,26.853504131000065],[91.825123332000089,26.858465068],[91.843933553000056,26.849370015000133],[91.849514608000106,26.834745586000068],[91.852408488000094,26.818519185000056],[91.863053833000095,26.804773255000029],[91.878660116000106,26.803016256000049],[91.886928345000058,26.814436747000045],[91.885894816000075,26.830869853000095],[91.874009237000053,26.844305725000069],[91.895506633000082,26.853504131000065],[91.895506633000082,26.868283590000075],[91.893129517000034,26.881357727000122],[91.908219035000059,26.885181784000068],[91.925685669000075,26.878670553000106],[91.957414998000104,26.85427927700006],[91.975088338000035,26.84663116500009],[92.035859822000134,26.85484771800013],[92.072756795000032,26.88776560500007],[92.080370916000049,26.921570891000087],[92.083918905000075,26.937323303000127],[92.066969035000056,26.994839172000056],[92.066969035000056,26.994942526000088],[92.049709107000069,27.026826885000062],[91.999893026000052,27.071526998000095],[91.987697388000129,27.104031474000024],[91.9879040940001,27.122273255],[91.990797974000088,27.140773418000023],[91.995862264000039,27.158033346000096],[92.002993612000068,27.172606100000067],[92.005788061569774,27.176112343309967],[92.008471314000076,27.179479065000024],[92.021493775000124,27.191829733000091],[92.027074829000128,27.199839580000074],[92.029968710000048,27.208469544000096],[92.033172648000118,27.227434794000047],[92.036789998000074,27.236478170000012],[92.050639283000123,27.251412659000081],[92.081851848000042,27.2751321410001],[92.088776489000111,27.292340394000078],[92.084849081000129,27.304225973000129],[92.023597616636778,27.446779847112282],[91.975088338000035,27.472432760000018],[91.963306112000112,27.468918763000076],[91.900590854954132,27.459729852655357],[91.856577647298906,27.466238738226711],[91.8162322069483,27.461357110076801],[91.779554533902285,27.456475265760989],[91.727091720806243,27.459941598825708],[91.727041463000035,27.460004577000049],[91.704923950000079,27.468763733000046],[91.680222616000094,27.472846171000029],[91.657381633000114,27.479150696000048],[91.641671998000106,27.494963684000041],[91.632887004000054,27.51165517200009],[91.60446496600008,27.53214487700005],[91.595059855000045,27.546381734000121],[91.573252401000047,27.619710592000033],[91.579866984000034,27.657976990000051],[91.626685832000135,27.716423035000034],[91.634957059420799,27.746570816190285],[91.63576961127859,27.782524817666229],[91.605335586933748,27.810658168996827],[91.566023216997905,27.821073950502466],[91.56435452404213,27.851372366541511],[91.6283394780001,27.852693787000035],[91.680131490757688,27.849823277598603],[91.729871344225828,27.804136158001306],[91.826588724413213,27.807627271770244],[91.856373359542943,27.764539482011514],[91.864914185000089,27.729988098000021],[91.908735799000056,27.731900126000127],[91.952247355000111,27.724820455],[91.968000937663462,27.746278233869482],[91.988897653204162,27.769398413805789],[92.064878205501174,27.761721293976109],[92.106159544189424,27.786080717238843],[92.126293579000105,27.812722066000092],[92.239568319000057,27.865276998000056],[92.249180135000074,27.862641500000038],[92.258275187000038,27.848197937000023],[92.275225057000057,27.811688537000109],[92.288764282000045,27.793085022000056],[92.303853801000059,27.786160380000055],[92.317289673000062,27.80367869100003],[92.32917525300013,27.832927552000072],[92.334652954000035,27.831273906000021],[92.339820598000131,27.815564270000053],[92.350052531000074,27.802541809000033],[92.367932577000033,27.803833720000071],[92.375580688000127,27.821119487000075],[92.381058391000124,27.842461853000074],[92.392840618000037,27.856026917000051],[92.404416138000045,27.853830669000061],[92.41733524600005,27.828948466],[92.42756717900005,27.821171164000091],[92.439039348000051,27.823289897000066],[92.475109498000052,27.846595968000074],[92.518150877260211,27.839468002981643],[92.574976817699039,27.847806414432647],[92.592911783418884,27.868193283595886],[92.636468128738514,27.895369810049989],[92.683674286697681,27.910450219011963],[92.710770129577881,27.949702392409918],[92.736391509177665,27.985908936518669],[92.701348918000065,28.025241394000133],[92.701348918000065,28.037824606000058],[92.689256632000138,28.048314921],[92.65422001100012,28.052087301000128],[92.638923788000056,28.057487488000092],[92.637270142000034,28.071982728000123],[92.654840129000092,28.105830790000127],[92.67861128800007,28.133064270000105],[92.707860149000112,28.155414328000106],[92.770078572000102,28.192182108000097],[92.779173625000112,28.195902812],[92.782894328000111,28.190941874000046],[92.785374797000088,28.183293762000076],[92.790232381000067,28.178901266000068],[92.805321900000081,28.17802276700003],[92.819894654000052,28.179263001000081],[92.834777466000105,28.183526306000132],[92.85028039600013,28.19194956500003],[92.865369914000098,28.205204570000021],[92.889554484000087,28.235822856000041],[92.903817179000043,28.2496979780001],[92.922007283000084,28.258638001000051],[92.960351196000033,28.270213521000088],[92.974923950000061,28.282305807000071],[93.046398808181962,28.302097099545048],[93.12982812476821,28.325961566073488],[93.207824893813708,28.340539283245555],[93.21807344565363,28.394646557673859],[93.186285833424506,28.431995228097378],[93.218838462225335,28.457435846387227],[93.259067653013275,28.496023260000364],[93.286972165233294,28.520517242676647],[93.302843400702443,28.556921073348917],[93.31717003715039,28.603462550497838],[93.355432397241714,28.624065359777703],[93.446213013000033,28.671894430000023],[93.551736288000086,28.678948262000048],[93.60713342300005,28.672204488000105],[93.625530233000063,28.67235951800005],[93.643410279000079,28.680240174000105],[93.664908481829542,28.690238755807428],[93.705525350000073,28.691893209000071],[93.722475220000092,28.696647441000053],[93.781743796848872,28.680503837812509],[93.863079691774431,28.704870831024095],[93.92778566056765,28.682751601714951],[93.961093454047372,28.729943495902681],[93.981590557727202,28.768130860141966],[93.993136073998372,28.801887423093451],[93.992019491000121,28.844648743000064],[94.011449829000128,28.853020325000031],[94.02684940600011,28.864182435000075],[94.079473980507146,28.883072105010925],[94.135395891409701,28.897788397353693],[94.173658251500967,28.930164240507835],[94.2501829716835,28.933107498976327],[94.291388590243344,28.977256376004746],[94.347310501145955,29.024348511501685],[94.309048141054689,29.059667613124404],[94.270785780963479,29.097929973215642],[94.287505331000034,29.147937724000073],[94.323782186000074,29.146025696000052],[94.335771119000128,29.149617208000038],[94.346313111000086,29.159073995000099],[94.36253951000009,29.185325623000026],[94.372874797000122,29.196306865000011],[94.396439250000128,29.207081400000035],[94.422380819000068,29.210492045000066],[94.47498742700003,29.210802104000052],[94.498241822000068,29.215220439000049],[94.514778280000087,29.221059876000041],[94.528627564000033,29.231240133000099],[94.582681112000103,29.302915345000073],[94.59994104000009,29.316635437000016],[94.630430135000097,29.319451803000064],[94.668463990000134,29.306610209000084],[94.704224080000131,29.284699402000044],[94.756417278000129,29.230516663000017],[94.767682739000065,29.213851013000081],[94.761481568000079,29.174706116000053],[94.776571085000114,29.16669626900007],[94.798791952000045,29.1664378870001],[94.815431763000049,29.168866679000061],[94.854085735000069,29.170003560000069],[94.891292766000049,29.160495097000094],[94.989064576000033,29.153983867000122],[95.047665649000066,29.140806377000033],[95.09903202400011,29.113779603000083],[95.11691206900008,29.108095195000047],[95.191532838000057,29.096829733000092],[95.199697713000035,29.094245911000073],[95.207862590000104,29.089595032000105],[95.212823527000126,29.08186940500012],[95.214063761000091,29.073084412000028],[95.216337525000085,29.064997050000031],[95.22491581200012,29.059364319000011],[95.281553182000096,29.052672221000094],[95.367406050628475,29.03649616327051],[95.429824031983969,29.046524645630395],[95.487576837101415,29.068994487006023],[95.511306600000125,29.131788839000095],[95.521435181000072,29.137860820000029],[95.522675415000037,29.161192729000064],[95.511926717000108,29.197547099000062],[95.515337362000139,29.209432679000074],[95.550167277000071,29.212481588000017],[95.552027628000076,29.220129700000072],[95.550684041000125,29.230284119000046],[95.553784628000074,29.239043275000128],[95.564429973000074,29.245606181000099],[95.572904908000055,29.247259827000065],[95.581689901000061,29.247466533000122],[95.592335246000061,29.249688619000025],[95.646697389389431,29.228350448108628],[95.717164968955558,29.218283651027733],[95.747365360198103,29.273651034972559],[95.744780721000041,29.340432435000068],[95.776406698000073,29.345548401000073],[95.795940389000066,29.352886455000046],[95.863133526628133,29.323985020376838],[95.953734700355881,29.359218810159931],[96.014135482841084,29.364252208700393],[96.074536265326344,29.369285607240855],[96.141965780000078,29.368466899000097],[96.150957479000112,29.354075012000081],[96.166046998000127,29.303173726000054],[96.176278931000127,29.286456401000109],[96.205424438000136,29.256949158000097],[96.235293416000047,29.241213684000016],[96.267849569000077,29.241730449000059],[96.30412642400006,29.261212464000053],[96.323246704000042,29.275010071000096],[96.33709598900009,29.27971262700008],[96.349911743000064,29.274234924],[96.366241496000043,29.257233379000056],[96.366861613000083,29.244210917000132],[96.342366984000137,29.210647075000011],[96.327484172000084,29.180442200000087],[96.316425415000083,29.171863912000063],[96.210075317000076,29.145767314000082],[96.193642213000032,29.136930644000088],[96.183513631000096,29.123778992000027],[96.174625285000047,29.108844503000043],[96.175953714633053,29.017353609711428],[96.195322757571716,28.941105845485463],[96.248587625653059,28.945343306324006],[96.294655497729465,28.992324483884889],[96.366568291556064,29.036536563468914],[96.457605429000125,28.994587911000011],[96.451197551000121,28.981384583000121],[96.452127727000061,28.970377502000034],[96.460085897000113,28.963349507000103],[96.474658651000084,28.962057597000054],[96.492228638000029,28.948001607000052],[96.500393514000052,28.929243062000054],[96.510832154000127,28.885524801000074],[96.523751261000029,28.864414979000045],[96.576667928000063,28.808526917000066],[96.592584269000042,28.757884013000094],[96.59800971353144,28.709910398443995],[96.501043504654092,28.687631303142155],[96.502375141263258,28.644476217418358],[96.409018872622937,28.558928647938785],[96.336458754084916,28.47966681390912],[96.301852493734387,28.420710938634112],[96.36964414401973,28.378115826943503],[96.44112658162652,28.39541577691665],[96.495225871000059,28.421470439000089],[96.51238244700005,28.428808492000073],[96.561517720466497,28.44729288316006],[96.604426118305369,28.444534241434948],[96.71692392905247,28.436539447625634],[96.897888632000047,28.354704489000042],[96.933958782000047,28.336617737000026],[96.96579146400012,28.330468242000066],[96.997417440000106,28.337082825000053],[97.032970826000053,28.357029928000074],[97.078446086000042,28.3751425170001],[97.115549764000036,28.366564230000066],[97.182729126000083,28.314991150000068],[97.19327111900003,28.311399638000083],[97.202779582000119,28.311554667000038],[97.210531047000131,28.308092346000066],[97.220762980000075,28.283391012000081],[97.229651327000113,28.274606018000085],[97.285255168000106,28.235667827],[97.323495728000125,28.217477723000073],[97.328663371000118,28.190011699000095],[97.298897746000137,28.129240214000092],[97.292903280000075,28.095082092],[97.306545858000106,28.069657288000101],[97.355121705000101,28.02304514600003],[97.362253052000028,27.994881490000083],[97.356775350000134,27.980567118000081],[97.34003218600003,27.951809184000084],[97.335691366000049,27.935608622000061],[97.336311483000088,27.91318105100008],[97.338171835000082,27.901553853000038],[97.333520956000029,27.894164124000028],[97.314917440000102,27.884603983000105],[97.292903280000075,27.877550151],[97.288665813000136,27.884345602000039],[97.288045695000051,27.897755636000099],[97.276366822000114,27.910338847],[97.26065718600006,27.912044170000073],[97.241226847000064,27.907858379000047],[97.222933390000094,27.899719341000022],[97.210944458000029,27.88951324500006],[97.198025351000126,27.873261007000039],[97.182109009000101,27.857267151000073],[97.13177616400003,27.816856181],[97.123197876000063,27.812153625000022],[97.112449179000066,27.809208069000036],[97.106041300000129,27.805539043000024],[97.098186483000063,27.791017965],[97.092192017000059,27.785488587000074],[97.072348267000052,27.779184062000084],[97.065320272000065,27.773990581000064],[97.062012981000066,27.763345235000074],[97.060359334000111,27.750451965000067],[97.056741984000041,27.746782939000056],[97.050540812000065,27.746782939000056],[97.036174764000066,27.742920068000032],[97.004032024000082,27.734277242000061],[96.990906210000048,27.726629130000092],[96.957006470000124,27.688078512000018],[96.939539836000108,27.674022522000101],[96.899748983000052,27.649476217000128],[96.883522584000048,27.636324565000066],[96.870190064000042,27.619090475000078],[96.862128540000072,27.599298401000098],[96.862025188000132,27.57836944600011],[96.866159302000028,27.568447571000021],[96.877321412000072,27.553073832000038],[96.880318644000113,27.543849589000033],[96.881042115000071,27.534392802000056],[96.884659465000084,27.515840963000116],[96.888483521000126,27.507185160000077],[96.890240519000088,27.492483215000064],[96.877011352000068,27.463079325000095],[96.881352173000096,27.44411407500003],[96.90512333200013,27.408405660000128],[97.067904094000085,27.217099508000061],[97.095499309000047,27.191261292000021],[97.101287069000136,27.183303121000066],[97.101700481000137,27.165268046000065],[97.104387655000096,27.156017965000061],[97.111725708000051,27.148834941000089],[97.120820761000061,27.143925680000066],[97.129295696000042,27.137879537000018],[97.134773397000117,27.12733754500006],[97.133016399000041,27.119586080000047],[97.122887817000105,27.093696188000123],[97.119167114000106,27.087288310000091],[97.106041300000129,27.082585754000021],[97.097979778000138,27.085893046000095],[97.089918254000054,27.092197571000028],[97.077205851000087,27.096486715000069],[97.066973918000031,27.095246480000057],[97.058826607000128,27.092075635000057],[97.047853638000106,27.087805074000116],[97.03803511600006,27.087029928],[97.026769654000077,27.091474101000117],[97.018914836000135,27.098708802000075],[97.011886841000035,27.107028707000055],[97.002998495000043,27.114521790000069],[96.865332479000131,27.1716242480001],[96.842698202000065,27.188522441000075],[96.841768026000125,27.204387106000084],[96.851276490000032,27.221181946000073],[96.859648072000084,27.240715637000065],[96.853756958000076,27.248725485000037],[96.821717570000089,27.273065084000066],[96.809935344000053,27.285777487000118],[96.789161417000116,27.317971904000061],[96.776345663000029,27.330632630000096],[96.758879028000081,27.341743063000123],[96.724152466000078,27.35626414000005],[96.705238892000125,27.360759989000073],[96.687255493000123,27.361741842000058],[96.67588667900003,27.357659404000046],[96.659246867000036,27.341433004000024],[96.649014933000046,27.336213685000118],[96.636405884000112,27.335541891000034],[96.629274536000082,27.338694153000077],[96.623176718000138,27.343655091000031],[96.614185018000057,27.348409323000041],[96.586899862000053,27.353576966000034],[96.576047811000137,27.345412089000021],[96.567469524000103,27.328307191000064],[96.547315715000138,27.306448059000033],[96.531812785000113,27.298541565000065],[96.510935507000056,27.292495422000044],[96.490058227000077,27.290738424000054],[96.474658651000084,27.295389303000022],[96.407789347000119,27.29817983000008],[96.14258589700006,27.257510478000128],[96.074166301000048,27.229863586000121],[96.01318811100009,27.190796204000023],[95.974844198000085,27.142892151000083],[95.938360637000073,27.079898580000062],[95.916449830000033,27.051373189000017],[95.888854615000128,27.027033590000102],[95.86146610500009,27.014217835000025],[95.804932088000101,27.004761048000049],[95.777956991000053,26.995149231000042],[95.734962199000108,26.947296855000033],[95.709227336000026,26.907454326000035],[95.699305461000108,26.896188863000063],[95.686076294000031,26.891279603000029],[95.63998091600007,26.88642201800009],[95.624271281000119,26.880737610000054],[95.613315877000048,26.867921855000063],[95.60339400200013,26.844254049000043],[95.591301717000078,26.823738505000065],[95.57476525900006,26.816142070000112],[95.554404744000124,26.816607157000035],[95.531357056000047,26.820276185000026],[95.489809204000096,26.810716044000046],[95.46273075300013,26.777178040000123],[95.439993124000068,26.73537180600006],[95.410640910000097,26.701627096],[95.392657511000095,26.691756898],[95.315969686000074,26.669070943000051],[95.278969361000122,26.652947897000061],[95.260572551000109,26.647625224000123],[95.246933117968979,26.648903921478791],[95.23907515500008,26.649640605000073],[95.223262167000087,26.670362854000089],[95.204865357000074,26.66757232700003],[95.195563599000138,26.660751038000072],[95.181610962000036,26.641682435000106],[95.173239380000098,26.63382761700008],[95.163420858000109,26.62974517800005],[95.141406698000139,26.624990946000068],[95.132621705000133,26.620805155000127],[95.122803183000087,26.611606751000025],[95.119082479000042,26.604217021000025],[95.115878540000097,26.575639954000067],[95.116188599000054,26.569335429000049],[95.114948364000043,26.562565816000117],[95.109574016000067,26.551300354000048],[95.099238729000092,26.536107484000027],[95.069886516000111,26.506238506],[95.054383586000085,26.494869690000101],[95.040637655000126,26.475594381000079],[95.042601359000059,26.459678040000043],[95.061721639000098,26.426605123000073],[95.066062459000136,26.407433167000065],[95.064202108000131,26.392602031000123],[95.050456177000115,26.359064026000013],[95.043634888000042,26.327696432],[95.041774536000048,26.287595520000096],[95.046322062000058,26.247959697000042],[95.058724406000067,26.217677307000102],[95.066372518000037,26.211011047000099],[95.07453739500005,26.208323873000055],[95.08280562300007,26.206618551000091],[95.090763794000054,26.202691142000035],[95.094484497000053,26.195043030000065],[95.089730265000071,26.187601624000123],[95.082392212000059,26.179798483000113],[95.078361451000092,26.171323548000103],[95.088179973000081,26.10409250900004],[95.101719198000126,26.093395488000041],[95.137479289000055,26.082956848],[95.150088338000103,26.070967916000043],[95.151225220000072,26.049935608000041],[95.139546346000031,26.029936829000079],[95.108230428000127,25.995106913000129],[95.065855754000097,25.953817444000023],[95.049422649000121,25.943740540000064],[95.012008912000056,25.931441549000041],[95.000640096000097,25.922036438000063],[94.994025513000054,25.90043569],[94.993198690000042,25.880953674000111],[95.01345585200005,25.777704163000053],[95.015316203000054,25.755121562000014],[95.00880497300011,25.73713816300004],[94.999916627000061,25.731557109000036],[94.978625936000071,25.729076640000059],[94.969014120000054,25.725614319],[94.961469361000127,25.717966207000032],[94.871655721000138,25.598025208000038],[94.868038371000068,25.59471791600005],[94.857496379000054,25.589343567000085],[94.853465617000097,25.586036275000069],[94.852948853000044,25.580765280000051],[94.861010376000138,25.571411846],[94.860286906000056,25.567174378000047],[94.850778443000138,25.562781881000049],[94.831038046000117,25.562471823000081],[94.82235640500005,25.559112854000077],[94.807990356000118,25.542628072000085],[94.782358846000079,25.504594219000055],[94.764375448000067,25.491675110000031],[94.745771932000139,25.486610820000053],[94.711148722000132,25.482786764000124],[94.692028442000037,25.476327210000065],[94.659472290000053,25.45550160800012],[94.650360037000098,25.446649705000098],[94.630533488000083,25.427389629000075],[94.608002564000117,25.394626770000073],[94.550124960000062,25.245281881],[94.553328898000132,25.204147440000028],[94.576893352000127,25.173606670000126],[94.612963501000138,25.161359355000101],[94.653271118000077,25.154124654000029],[94.689134563000039,25.138518372000092],[94.70680790300014,25.109941305000021],[94.713835897000138,25.068264262000085],[94.708564901000102,25.025889587000094],[94.689754679000032,24.995090434000119],[94.673528280000085,24.974807434000112],[94.654821411000114,24.889153748000027],[94.63911177600005,24.862798767000058],[94.599010864000036,24.813473612000067],[94.59322310400006,24.7837855020001],[94.59322310400006,24.765931295000044],[94.589502401000061,24.747250264000073],[94.581544231000123,24.730119528000031],[94.569451946000129,24.716399434],[94.555706014000066,24.708854676000058],[94.543407023000043,24.707330220000031],[94.53100468000008,24.707485250000062],[94.516328573000067,24.704953105000087],[94.507956991000128,24.689010925000062],[94.487079712000138,24.620462138000036],[94.47498742700003,24.597388611000056],[94.430235636000077,24.570904439000074],[94.418453410000097,24.56031077100009],[94.410805298000128,24.54594472300009],[94.397059367000054,24.495069275000063],[94.381866496000043,24.486310120000084],[94.370394328000032,24.47773183300005],[94.363676392000116,24.46582041500001],[94.361195923000139,24.425409444000124],[94.352204223000115,24.413937277000016],[94.340008586000067,24.40600494400006],[94.328743124000027,24.394481100000021],[94.328329712000027,24.388486634000103],[94.331740356000125,24.371097514000084],[94.330706828000132,24.362855123000131],[94.323678833000031,24.35466440800009],[94.302801554000041,24.341021831000106],[94.295360148000043,24.332598572],[94.289985800000068,24.316759746000017],[94.286885213000062,24.283066712000064],[94.282751099000109,24.266426901000031],[94.233968546000085,24.160335185000108],[94.222186321000038,24.122637228000073],[94.218465617000049,24.086670431000087],[94.214124797000068,24.069177959000044],[94.20368615700005,24.05775746700003],[94.199138632000029,24.048093974000025],[94.193867635000061,24.009672547000079],[94.190250285000104,23.995280660000063],[94.144878378000044,23.938875834000029],[94.135059855000065,23.919006246000052],[94.133612915000072,23.899162496000045],[94.135059855000065,23.877303365],[94.131855917000109,23.856968689000084],[94.128859266941561,23.853904873511112],[94.116869751000138,23.841646627000031],[94.09971317600008,23.842628479000084],[94.085347127000091,23.857511292000126],[94.071084432000077,23.876114808000082],[94.055064738000056,23.88794871],[93.99791060400014,23.916965027000074],[93.975069621000046,23.920918274000044],[93.940549764000139,23.928876445000114],[93.91233443200008,23.939005025000071],[93.88318892500007,23.94530955000009],[93.803710572000057,23.936059469000057],[93.782833293000067,23.945464579000131],[93.743042440000067,23.995280660000063],[93.711106405000123,24.005460917000036],[93.660463501000038,24.011222839000098],[93.612404419000086,24.009052430000011],[93.588013143000069,23.995228984000036],[93.585636027000078,23.987296651000079],[93.581811972000082,23.979596863],[93.576954387000058,23.97300811800001],[93.571063274000039,23.968021343000046],[93.561348104000103,23.965695903000025],[93.555250285000056,23.97099273700006],[93.549979289000134,23.978020732000076],[93.543468059000134,23.980888774000064],[93.52682824700014,23.975385233000068],[93.495719035000093,23.959132996000037],[93.474841757000092,23.957505189000088],[93.456651652000062,23.959959819000076],[93.449003540000092,23.96892568],[93.445592896000051,23.981612244000061],[93.439185018000103,23.995228984000036],[93.406525513000133,24.025847270000057],[93.396500285000116,24.03752614400004],[93.368284953000057,24.078479716000075],[93.348544556000093,24.088892517000104],[93.322189575000039,24.080055847],[93.309683879000033,24.063984477000034],[93.302965942000128,24.041143494000025],[93.30255946900013,24.035774655000083],[93.301105591000123,24.016571350000035],[93.302965942000128,23.995280660000063],[93.30813358600011,23.977503968000022],[93.316091756000048,23.961096700000084],[93.337589152000135,23.928411357000087],[93.345960734000073,23.918696188000055],[93.351851848000081,23.913916117000056],[93.355985962000034,23.906991475000083],[93.359189901000093,23.890945943000119],[93.358259725000039,23.85526336700012],[93.374796184000047,23.739017232000023],[93.406318807000105,23.719121806000132],[93.412313273000109,23.708709005000102],[93.42595585100014,23.69080312100003],[93.430296672000111,23.680338643000098],[93.432363729000087,23.647317404000106],[93.400220988000115,23.454021709000088],[93.399807577000104,23.426090597000027],[93.405905396000094,23.367670390000043],[93.407765747000099,23.356379089000072],[93.407248983000045,23.34725819900008],[93.403734986000075,23.338757426000072],[93.384201294000093,23.313125916000033],[93.377896769000074,23.296822001000081],[93.37644982900008,23.279484559000068],[93.380790650000051,23.237264913],[93.372729126000081,23.169827169000072],[93.373039184000049,23.154220887000051],[93.375209595000058,23.142154439000066],[93.374899536000044,23.129726257000087],[93.333351685000082,23.052289123000051],[93.318262167000057,23.033659770000085],[93.298831828000061,23.017950134000031],[93.272786906000078,23.005909526000053],[93.246535279000057,23.004488424000058],[93.225554647000081,23.020378927000067],[93.212118775000135,23.03988678000006],[93.196512492000068,23.053839417000077],[93.177082154000118,23.058438619000114],[93.152380819000086,23.049937846000105],[93.140081828000064,23.031902771000105],[93.138221477000059,23.005263570000054],[93.14318241400008,22.977513326000022],[93.151140584000075,22.956222636000049],[93.171087687000067,22.920436707000121],[93.177392212000086,22.900205384000017],[93.175531861000081,22.881705220000086],[93.161062460000039,22.860982972000059],[93.125302368000121,22.821553854000044],[93.115897258000075,22.798402812000049],[93.112383260000115,22.799953105000085],[93.079517049000117,22.772719626000068],[93.07083540900004,22.692879537000081],[93.073935994000067,22.671898905000077],[93.081894165000051,22.652830302000027],[93.104425090000063,22.615933329000072],[93.11052290900011,22.596347962000053],[93.109075969000116,22.574695536000078],[93.098223918000087,22.535266419000052],[93.099154093000038,22.511960347000027],[93.109592733000056,22.479042460000088],[93.117860962000123,22.462867737000082],[93.153517700000123,22.427521057],[93.165920044000075,22.386593323000071],[93.174291627000059,22.26939117400012],[93.173671509000087,22.259417623000033],[93.169020630000034,22.246911927000028],[93.161269165000078,22.24251943000003],[93.151450643000032,22.240969137000022],[93.129746542000134,22.23161570200007],[93.124785604000067,22.232287496000041],[93.123545370000045,22.230685527],[93.123131958000045,22.218386536000068],[93.141735474000086,22.187277324000021],[93.119514608000088,22.180972799000088],[93.104321737000134,22.187173970000075],[93.090575806000118,22.197147522000094],[93.072489054000073,22.202470195000032],[93.045824015000051,22.20686269100004],[93.036418905000062,22.206242575000076],[93.02453332500005,22.201901754000076],[93.022362916000077,22.19621734600004],[93.023913208000067,22.18882761700003],[93.022569621000116,22.120976461000097],[93.025463501000104,22.112914937000099],[93.007480103000034,22.105938619000099],[92.995181112000068,22.103251445000083],[92.985465943000122,22.095965068000012],[92.967172486000095,22.06268544600006],[92.965312134000044,22.049559632000083],[92.968412720000117,22.036175435000061],[92.974923950000061,22.023308004000071],[92.977921184000081,22.016486715000028],[92.979574829000057,22.009355367000083],[92.979884888000129,22.002275696000041],[92.978954712000075,21.995351054000068],[92.97709436100007,21.993025615000036],[92.974923950000061,21.990906881000072],[92.968102662000035,21.987237854000071],[92.961694783000098,21.986876119000058],[92.955596965000041,21.98961497],[92.950325969000062,21.995351054000068],[92.937406860000067,22.013024394000055],[92.920973756000137,22.021809387000062],[92.906194295000091,22.017313538000039],[92.89864953600005,21.995402731000084],[92.889244425000072,21.966722311000083],[92.877462199000092,21.957007142000052],[92.867023560000064,21.966515605000026],[92.862062623000099,21.995402731000084],[92.853897746000086,22.024134827000083],[92.836121053000056,22.046510722000065],[92.771628866000128,22.104181621000052],[92.708066854000094,22.147951558000031],[92.683778931000063,22.154307760000066],[92.673960409000074,22.147073059],[92.67106652800004,22.133895569000018],[92.674683879000099,22.105576884000115],[92.673960409000074,22.095241598000101],[92.669516236000106,22.092657777000014],[92.664555298000039,22.093846334000133],[92.662074829000062,22.094776510000074],[92.656183716000044,22.075294495],[92.656080363000058,22.060566711],[92.658354126000063,22.046562398000091],[92.658354126000063,22.032816468000036],[92.650912720000122,22.019173890000033],[92.639853963000121,22.013386129000068],[92.627554972000098,22.012352600000085],[92.615255982000065,22.008786926000099],[92.603887167000039,21.995402731000084],[92.597996054000077,21.989304912000122],[92.591278117000059,21.984240622000058],[92.583836711000117,21.98031321200007],[92.575878540000133,21.977574362000027],[92.575155070000051,21.98656606100009],[92.573088013000074,21.995402731000084],[92.55996219900004,22.061341859],[92.537327921000099,22.128624573000067],[92.54931685400004,22.138494772000072],[92.564199667000082,22.138339742000099],[92.575568482000051,22.143300680000053],[92.577015422000045,22.168673808000065],[92.518931112000075,22.495372213000039],[92.517380819000039,22.512580465],[92.504565064000076,22.543793030000089],[92.500844360000087,22.560536194000022],[92.50291141800011,22.618620504000106],[92.495883423000123,22.695618388000028],[92.491542602000038,22.711069641000037],[92.480690552000112,22.726159159000034],[92.453715454000076,22.747966614000049],[92.442036580000092,22.762926941000032],[92.435008586000095,22.793286846000072],[92.426326945000028,22.871059876000103],[92.4118575440001,22.887932231],[92.378681275000076,22.900437928000073],[92.359871053000063,22.92661204000008],[92.352222941000093,22.96033091300005],[92.353049765000094,23.029913228000069],[92.327624959000104,23.171429138000022],[92.328555135000045,23.211194153000022],[92.332689250000101,23.226257833000105],[92.350672649000046,23.260984395000051],[92.357493937000129,23.278941956000025],[92.356873820000033,23.289122213],[92.352222941000093,23.298837382000031],[92.3470552980001,23.315425517000037],[92.346745239000086,23.325295715000024],[92.349535767000134,23.344958598000076],[92.34860559100008,23.354105326000038],[92.344884888000081,23.359117940000104],[92.331655721000118,23.368652243],[92.32669478400004,23.375266825],[92.325351197000089,23.382165629000085],[92.326901490000125,23.39601491300003],[92.325351197000089,23.403507995000083],[92.319770142000039,23.412163798000037],[92.306747681000047,23.423868510000105],[92.301476685000068,23.431800842000072],[92.296825806000129,23.446580302000072],[92.29103804500005,23.495285340000109],[92.252797485000087,23.609309388],[92.250006958000029,23.642614848000036],[92.261685832000069,23.68511871300008],[92.259736604660532,23.70264057180492],[92.259308716000135,23.706486918000095],[92.238741496000046,23.716848043000098],[92.222101685000041,23.707778829000048],[92.209389282000075,23.661605937],[92.19429976400005,23.648144226000042],[92.180760539000119,23.665378317000105],[92.170631958000058,23.703644714000021],[92.150788208000051,23.731653341000126],[92.108413534000135,23.718243307000094],[92.092187134000028,23.701345114],[92.059630981000055,23.659487203000126],[92.042371053000068,23.64556040500004],[92.019013306000033,23.640056865000034],[92.003510377000055,23.647420757000035],[91.961652466000089,23.691139018000015],[91.949146770000084,23.709768372000084],[91.936641073000089,23.723540141000043],[91.922688436000101,23.722971700000059],[91.916487264000068,23.709871725000099],[91.914420207000035,23.688322653000071],[91.915970500000071,23.650159607000077],[91.942325480000079,23.534430237000052],[91.940775188000089,23.495181986000077],[91.918140910000034,23.459938660000105],[91.905118449000099,23.446631979000088],[91.889098755000134,23.43593495800009],[91.833804973000042,23.413894959000103],[91.817681926000034,23.400924174000082],[91.791637004000052,23.368342183000024],[91.762594849000095,23.321549174],[91.743681274000039,23.272327373000039],[91.749158977000036,23.232407329000083],[91.763938436000046,23.200626323000037],[91.779027954000128,23.131767476000036],[91.791947062000133,23.101149190000015],[91.795564412000033,23.089496155000049],[91.791326945000094,23.080375265000086],[91.776237427000069,23.065259909000062],[91.773756958000035,23.06489817300006],[91.764248494000128,23.065647481000084],[91.760941203000129,23.065492453000033],[91.755980265000062,23.061539206000063],[91.755566854000051,23.056836650000079],[91.756290324000076,23.052159933000027],[91.755050090000111,23.048232524000056],[91.738306926000064,23.02466807100005],[91.731278931000077,23.017330018000038],[91.7144324140001,23.00311899800009],[91.706991008000045,22.995367534000067],[91.694692017000136,22.988132833000108],[91.667613566000057,22.982629293000016],[91.654074341000069,22.978055929000064],[91.646942993000039,22.976583150000081],[91.639914998000052,22.978004253000066],[91.632783651000125,22.98030385300008],[91.625755656000081,22.98154408800012],[91.616660604000117,22.978055929000064],[91.612009725000064,22.969839376000053],[91.608289022000065,22.96033091300005],[91.602397909000047,22.952967021000049],[91.586068156000124,22.94446624800004],[91.582967570000051,22.94790273100007],[91.583070923000093,22.957798767000057],[91.576766399000064,22.968805848000059],[91.563123820000101,22.974981181000132],[91.549791300000038,22.977229106000053],[91.536562134000064,22.981854146],[91.523643026000059,22.995212504000037],[91.519405558000074,23.005625305000066],[91.518165324000051,23.03508087200008],[91.515581502000089,23.038801575000079],[91.506073039000057,23.041178691000127],[91.503282512000112,23.0444084680001],[91.498114869000119,23.069962464000056],[91.475067179000064,23.14308461500012],[91.470416301000114,23.153290711000082],[91.463595012000042,23.184115702000057],[91.461217896000107,23.184425761000043],[91.446438436000051,23.197887471000101],[91.445404908000114,23.203029277],[91.446748495000065,23.208791199000061],[91.446438436000051,23.215534973],[91.439927205000117,23.223518983000062],[91.439617147000035,23.222640482000131],[91.436206502000118,23.215715841000062],[91.436516561000076,23.214863180000023],[91.428144980000127,23.229513449000095],[91.413572225000053,23.248633728000087],[91.394348592000028,23.262663879000101],[91.372127726000087,23.261888733000077],[91.360965617000033,23.247522685],[91.355694621000112,23.224139099000027],[91.355901327000083,23.179645691000061],[91.374608195000064,23.095723165000052],[91.370887492000065,23.06277944],[91.337401164000028,23.071073507000037],[91.313526652000064,23.101045838000076],[91.300504192000119,23.142309469000011],[91.277249796000092,23.303255717000027],[91.272908977000043,23.313487651000017],[91.267534627000089,23.321549174],[91.26577762900007,23.329352315000037],[91.272908977000043,23.338499044000017],[91.282934204000071,23.347645773000082],[91.287275025000042,23.35555226700005],[91.283967733000054,23.36144338000004],[91.270945272000063,23.364595643000101],[91.2581295170001,23.373639018000048],[91.247897583000054,23.393766989000127],[91.234461711000051,23.436270854000085],[91.229707479000069,23.461178894000042],[91.227330363000135,23.468775330000099],[91.220819133000077,23.47789622000009],[91.203352499000118,23.487921448000108],[91.195084269000063,23.495181986000077],[91.185885865000103,23.511563416000044],[91.177514283000107,23.544274597000125],[91.169866170000034,23.561973776000045],[91.140824015000135,23.612099915000059],[91.136276489000124,23.629514872000087],[91.139687134000042,23.653570251000119],[91.152296184000136,23.655094707000032],[91.166455526000107,23.654087016000048],[91.175240520000102,23.67031341600007],[91.168935995000083,23.685377096000067],[91.152399537000065,23.691009827000087],[91.136586548000082,23.698890483000028],[91.13234908000004,23.720646261000056],[91.141754191000075,23.739895732000079],[91.157567179000068,23.744985861000046],[91.176584107000053,23.746536154000083],[91.194980916000134,23.755166118000105],[91.205212850000123,23.771573385000082],[91.225263306000102,23.826143698000109],[91.228157186000089,23.844979757000104],[91.224023071000033,23.857485453000024],[91.212757609000107,23.880739848000033],[91.211930786000039,23.894459941000079],[91.216271607000124,23.908386739000051],[91.25037805200003,23.96404225700006],[91.260920044000045,23.977271424000079],[91.274149211000065,23.988226827000048],[91.291615845000081,23.994815573000025],[91.30494836400004,23.993859558000068],[91.308432577000133,23.992501035000103],[91.31621382700007,23.989467062000088],[91.327065878000042,23.987865092000035],[91.339054810000107,23.995228984000036],[91.34928674300005,24.036053366000132],[91.350837036000087,24.074242249000022],[91.363032675000113,24.099847921000062],[91.404580526000075,24.103129374000062],[91.480441529000132,24.088014018000067],[91.517545207000069,24.085197652000076],[91.558679647000076,24.089667663000014],[91.581830689000071,24.096101380000064],[91.596506795000039,24.104989726000056],[91.606015259000117,24.11886484800003],[91.61376672300014,24.140103862],[91.624515421000069,24.203459168000037],[91.629062948000069,24.215318909000061],[91.639501587000041,24.211701559000076],[91.657174927000028,24.171368104000109],[91.666166626000063,24.155916850000025],[91.684150025000065,24.145478211000082],[91.703683716000057,24.142946065000089],[91.721150351000119,24.148992208000024],[91.732622518000028,24.164314270000077],[91.732002400000056,24.181677551000107],[91.725801229000069,24.202063904000042],[91.723010702000124,24.22097747800008],[91.73293257600011,24.234284159000097],[91.79659794100013,24.221597595000063],[91.807036581000034,24.221132507000036],[91.809723755000107,24.214543763000037],[91.811377401000129,24.192038676000024],[91.813754517000064,24.183124492],[91.844243612000071,24.155322571000042],[91.864500773000088,24.150594177000059],[91.877109823000069,24.158035584000075],[91.884344523000038,24.17555389500005],[91.90594527200011,24.260639140000066],[91.906875448000051,24.280353699000031],[91.896436809000136,24.320118714000031],[91.899847453000064,24.338050435000085],[91.921861613000033,24.344509990000049],[91.93095666500011,24.336965231000093],[91.953074178000122,24.322986755],[91.972194459000036,24.316062114000104],[91.971367635000092,24.329678853000118],[91.948836711000069,24.363526917000016],[91.949973592000106,24.375386658000039],[92.033379354000033,24.368849590000067],[92.062731568000117,24.37102],[92.088259725000057,24.381639507000031],[92.107586711000124,24.405979106000061],[92.11120406100008,24.434297791000049],[92.105933065000045,24.495250143000092],[92.110894003000112,24.514292908000087],[92.123192993000032,24.525377503000087],[92.138592570000128,24.533723246000065],[92.149979861781162,24.542182953880172],[92.153165324000099,24.54454945900001],[92.163603963000128,24.559199728000081],[92.168874960000039,24.574315084000077],[92.173422486000106,24.608395692000059],[92.182930949000081,24.647256368000015],[92.233780559000081,24.777532654000098],[92.23646773300004,24.793035584],[92.236881144000051,24.808590190000032],[92.235020793000047,24.824764914000028],[92.234927861000074,24.82499071000008],[92.22179162600014,24.856907654000068],[92.221759058000032,24.857046883000052],[92.217657511000027,24.874580994000084],[92.223031861000095,24.891375834000129],[92.252177368000105,24.902977194000087],[92.290244500000028,24.891351286000045],[92.290417929000114,24.891298320000104],[92.358146052000052,24.853748899000024],[92.35832076000014,24.853652039000096],[92.359320577000062,24.84642836600004],[92.359354289000123,24.846184794000052],[92.363507409000135,24.841120014000026],[92.363591756000062,24.841017151000059],[92.370929809000074,24.837916565000015],[92.380748332000053,24.836702169000077],[92.442036580000092,24.855409037000058],[92.477693319000082,24.863909810000067],[92.491542602000038,24.883727722000046],[92.494539836000058,24.894863993000072],[92.491335897000056,24.912278951000118],[92.491267148000077,24.912424218000055],[92.483791138000129,24.92822113000004],[92.474386027000094,24.93667022800004],[92.474272333000101,24.936715371000062],[92.449788046000094,24.946437073000098],[92.450028486000065,24.946636187000038],[92.458056275000047,24.953284201000045],[92.457828128000074,24.953557685000035],[92.454025513000033,24.958115947000081],[92.453768770000124,24.958231063000099],[92.444517049000069,24.962379252000019],[92.44444627300004,24.962427197000082],[92.412477662000072,24.98408335400002],[92.41246032100014,24.984360817000081],[92.4122709560001,24.987390646000037],[92.412139500000137,24.987434336],[92.41186000600004,24.987527227000058],[92.394700969000041,24.993230082000096],[92.386949504000029,24.995090434000119],[92.386926351000056,24.99520183],[92.386875924000037,24.995444456000101],[92.384937035000064,25.004773236000048],[92.381058391000124,25.023434957000021],[92.35625370300005,25.037000021],[92.328141724000034,25.048007101000096],[92.312122030000069,25.068600159000098],[92.303543742000045,25.074284566000031],[92.251557251000122,25.080795797000107],[92.233677206000095,25.084955750000049],[92.220137980000118,25.090381775000097],[92.208045695000123,25.098107401],[92.194093059000124,25.109166159000026],[92.179210246000082,25.126684469000068],[92.172699016000081,25.131955465000104],[92.16474084500004,25.133557434000053],[92.15099491400008,25.129733379000086],[92.145517212000129,25.131697082000031],[92.138592570000128,25.136399638000015],[92.124123169000029,25.136968079000056],[92.116164999000034,25.139448548000033],[92.110377238000069,25.144874573000024],[92.100455363000094,25.159085592000068],[92.09291060400011,25.164718323],[92.066038860000049,25.174536845000077],[92.033999471000129,25.181668193000107],[92.001753377000057,25.18296010400006],[91.975088338000035,25.175363668],[91.956278117000124,25.169782613000066],[91.900570923000089,25.177585754000106],[91.793704061000028,25.16533844000007],[91.745334921000108,25.169369202000055],[91.730142049000051,25.167457174000063],[91.723734172000036,25.161927796000057],[91.717739706000089,25.149835511000063],[91.710711711000101,25.14466786800007],[91.701823364000063,25.147148336000029],[91.688904257000047,25.152987773000021],[91.677432088000046,25.152626038000037],[91.672264445000053,25.136502991000029],[91.662032511000064,25.127201233],[91.638674764000029,25.12404897100005],[91.61314660700009,25.12513417600006],[91.596196737000071,25.128906555000086],[91.580177043000106,25.140895488000027],[91.573459107000076,25.152264302000034],[91.566121053000074,25.15996409100002],[91.548757772000101,25.161100973000103],[91.540179484000134,25.157638652000074],[91.523436321000077,25.145184632000095],[91.511654094000107,25.142497457000061],[91.500905396000064,25.14115387],[91.4807515870001,25.135262757000092],[91.47103641800004,25.133919170000027],[91.431865683000126,25.137949931000023],[91.283967733000054,25.178981018000073],[91.23570194500013,25.201925354000096],[91.224953247000087,25.201615296000043],[91.20314579300009,25.191331686000026],[91.190846802000124,25.189471334000032],[91.13534631400006,25.191228333000097],[90.975149374000125,25.167818909000047],[90.943420045000096,25.157431946000131],[90.934821386000067,25.156359858000044],[90.821980428000074,25.142290752000108],[90.793971802000101,25.145391337000049],[90.77939904800013,25.151954244000038],[90.766893351000135,25.160532532000062],[90.75397424300013,25.167560527000077],[90.737954549000051,25.169420879000072],[90.732683554000062,25.166888733000079],[90.722038208000072,25.156605123000091],[90.716353800000093,25.153556214000062],[90.707672160000129,25.152987773000021],[90.670568481000089,25.158775533],[90.64896773300012,25.167818909000047],[90.637598918000094,25.171074524000048],[90.623439575000077,25.171436259000032],[90.583338664000053,25.162031149000072],[90.501379842000119,25.168800761000014],[90.399783977000084,25.149008687000034],[90.364644003000137,25.149990540000104],[90.286922648000029,25.180066223000082],[90.130084677000127,25.211588847000044],[89.908134400000108,25.296906637000021],[89.870203898000113,25.295563050000069],[89.834598836000112,25.282437236000092],[89.819044230000088,25.284969381000067],[89.807365356000048,25.304503073],[89.798528687000044,25.340056458000035],[89.795014690000073,25.374162903000112],[89.79923403500004,25.402892809000022],[89.80069909700012,25.41286855100013],[89.808567939658644,25.439507111963621],[89.823230021000029,25.489142965000056],[89.825090373000137,25.564487203000041],[89.834392130000083,25.63476715100002],[89.824211873000081,25.674092916000106],[89.801525920000131,25.724684144000051],[89.783129110000061,25.814446107000052],[89.786953166000103,25.839147441000065],[89.830051311000091,25.90798044900005],[89.834392130000083,25.931751608000113],[89.826433960000031,25.937487691000072],[89.810724325000137,25.938779603000015],[89.792017456000053,25.949114889000029],[89.811551147000046,25.955212708000076],[89.825607137000077,25.965703024000035],[89.828656047000038,25.979397278000064],[89.815271850000101,25.995106913000129],[89.814134969000065,25.996140442000112],[89.812688029000071,25.996347148000055],[89.811034383000049,25.996037089000069],[89.809329061000085,25.995210266000058],[89.809174031000111,25.995106913000129],[89.80886397300003,25.995106913000129],[89.802042684000071,25.988647360000058],[89.795531454000127,25.985960185000053],[89.789433635000137,25.987975565000099],[89.783955932000083,25.995106913000129],[89.776411174000032,26.008232727000077],[89.755843954000113,26.032417297000066],[89.750211223000122,26.041564026000046],[89.748712606000083,26.05903066000009],[89.751141399000062,26.071536357000085],[89.74984948700012,26.083887024000049],[89.736723673000029,26.100578511],[89.728765503000091,26.114169413000084],[89.724321330000066,26.130654195000048],[89.718481893000103,26.14553700800009],[89.706544637000036,26.154166972000056],[89.697656291000044,26.154787089000095],[89.677709188000108,26.153133443000073],[89.670371134000106,26.154115296000029],[89.658175497000116,26.159231262000034],[89.655798381000068,26.161298320000085],[89.657245321000062,26.165380758000097],[89.657828608000102,26.187174483000049],[89.658382202000041,26.207858785000028],[89.653007854000066,26.222689921000054],[89.634921102000078,26.225842183000012],[89.61332035300012,26.219382629000066],[89.606395711000118,26.211011047000099],[89.608462769000084,26.180676982000037],[89.615284058000043,26.169101461000096],[89.614405558000101,26.164192200000073],[89.593993368000042,26.169721578000079],[89.586758667000083,26.169204814000025],[89.579937378000125,26.166104228000094],[89.573426148000067,26.160729879000129],[89.562780803000066,26.142591452000104],[89.569395386000053,26.130085754],[89.585776815000031,26.122902731000053],[89.604225301000042,26.120732320000073],[89.592546428000048,26.113962708000102],[89.577870321000091,26.107244771000083],[89.566914917000076,26.098976543000063],[89.567018270000119,26.087090963000023],[89.576940145000037,26.082646790000112],[89.590789429000097,26.085023906000046],[89.603863567000133,26.084662171000062],[89.611356649000072,26.072208150000066],[89.602881714000091,26.055258280000075],[89.559163452000064,26.02223704],[89.550688517000083,25.995055237000102],[89.551825399000109,25.981516012000029],[89.549086548000048,25.968855286000078],[89.541696819000038,25.959708558],[89.52841597500003,25.957124735000022],[89.51818404200003,25.962085674000051],[89.509450725000079,25.972627665000019],[89.495343059000049,25.995055237000102],[89.490640503000066,25.997329],[89.485627890000103,25.998724263000028],[89.480615275000048,25.999241028000043],[89.426406697000118,25.995055237000102],[89.42635502100012,25.994951884000088],[89.42118737800007,25.993194885000023],[89.41612308700013,25.992626444000066],[89.411265503000095,25.993194885000023],[89.406614625000032,25.995055237000102],[89.391421753000031,26.015467428000065],[89.379742879000048,26.015312399000024],[89.367753947000097,26.005442200000047],[89.351475871000048,25.996863912000023],[89.335301147000052,25.998569235000062],[89.315147339000077,26.006785787000084],[89.296905558000049,26.018154603000099],[89.272979371000133,26.043476054000067],[89.237632690000112,26.058100484000036],[89.22926110800006,26.067195537000103],[89.223059936000084,26.086574198000065],[89.212621298000045,26.098976543000063],[89.197841837000112,26.107709859000025],[89.131592651000119,26.133754781],[89.119190308000043,26.1466222130001],[89.111697225000114,26.164502259000059],[89.10337732000005,26.225170390000031],[89.095884237000121,26.24103505500004],[89.075885457000084,26.271059062000106],[89.069425903000138,26.287388815000057],[89.068857462000096,26.314260559000033],[89.080329631000097,26.315604146000013],[89.09479903200014,26.309506327000051],[89.103532349000091,26.313692118000077],[89.102912232000108,26.327334696],[89.09572920800008,26.33451772100004],[89.071854696000059,26.34061554],[89.055214885000055,26.347023417000045],[89.054078003000029,26.353948059000018],[89.057281942000031,26.362629700000085],[89.052631063000035,26.374618632000036],[89.043742717000043,26.381078186000096],[89.021780233000072,26.386245829000089],[89.010876505000113,26.390173239000077],[89.001781454000138,26.397149557000077],[88.986536906000083,26.4127041630001],[88.975323120000041,26.417871806000093],[88.959303427000123,26.428568828],[88.950156697000125,26.436940410000076],[88.941009969000049,26.439420878000064],[88.924576864000073,26.432134501000078],[88.911967814000036,26.421230774000023],[88.899462118000031,26.404487610000061],[88.891245565000133,26.385780741000062],[88.891865682000059,26.368779196000062],[88.912432902000091,26.348935445000066],[88.941216675000078,26.340098775000072],[88.966021362000049,26.328471578000105],[88.975323120000041,26.29994618800005],[88.981730998000103,26.291832987000063],[88.989689169000087,26.289404195000074],[88.998629192000067,26.291522929000067],[89.007982626000114,26.29715566],[89.004365275000055,26.275709941000073],[89.011599976000127,26.269198711000101],[89.023537231000034,26.268836975000099],[89.034337606000065,26.26578806600007],[89.03971195500003,26.247184550000028],[89.019454793000136,26.234472148000052],[88.975323120000041,26.22434356700002],[88.946849406000126,26.232921855000043],[88.902717733000031,26.272919414000015],[88.875794311000107,26.277363586000021],[88.855640504000121,26.2651162720001],[88.840654338000093,26.232043355000101],[88.824841349000053,26.226565654000112],[88.807994832000077,26.233438619000069],[88.798486369000102,26.247649638000055],[88.792026815000042,26.264599508000046],[88.78401696800006,26.27994740900003],[88.747946818000059,26.292504782000023],[88.663404175000096,26.26444447900009],[88.645834188000038,26.276019999000042],[88.653275594000036,26.283099671000073],[88.690120891000049,26.299842835000035],[88.702988322000067,26.309661357],[88.712238403000072,26.328264872000048],[88.709706259000086,26.34061554],[88.696270386000037,26.350279032000046],[88.673377727000116,26.360717672000064],[88.66743493700011,26.36815907800009],[88.668520142000091,26.385729065000064],[88.661078736000093,26.388881328000124],[88.652242066000099,26.391516826000029],[88.649864950000051,26.398389791000099],[88.651932007000084,26.407071432000052],[88.656272827000066,26.415132955000061],[88.633018433000132,26.4200938930001],[88.622373088000074,26.424538066000096],[88.611521037000102,26.43084259100003],[88.603562867000051,26.440196025000049],[88.597878459000071,26.451461487000117],[88.591160522000052,26.461228333000079],[88.579171590000044,26.466034241000088],[88.557984253000086,26.465724182000102],[88.549767700000132,26.466654358000042],[88.526823364000109,26.475387676000125],[88.506824585000061,26.487634989000057],[88.498659709000037,26.494869690000101],[88.487911011000108,26.505773418000089],[88.475405314000113,26.514971823000067],[88.462382853000065,26.528821106000052],[88.446466512000086,26.535539043000071],[88.411016480000114,26.545099182000072],[88.39789066600008,26.558690084000048],[88.394996786000092,26.578378805000014],[88.395926961000043,26.599566142000057],[88.39437666800012,26.618014628000068],[88.385281617000032,26.623544007000064],[88.372517537000078,26.611606751000025],[88.360270223000043,26.593106588000111],[88.352828817000045,26.578688864000085],[88.332364950000056,26.514661764],[88.319342489000121,26.494869690000101],[88.313864787000057,26.481537170000095],[88.315105021000079,26.465052389],[88.322546427000077,26.451771546000103],[88.335620565000056,26.448205872000031],[88.340219767000065,26.454148662000065],[88.343010294000067,26.477196351000103],[88.346524292000083,26.484017639000072],[88.353552287000127,26.484586080000028],[88.376910035000037,26.475335999000023],[88.434580932000131,26.465155741000032],[88.461142619000043,26.453890280000067],[88.475405314000113,26.432031148000036],[88.495455770000092,26.378080953000094],[88.497626181000044,26.352707825],[88.475405314000113,26.355808411000041],[88.46791223200006,26.354051412000061],[88.457990356000096,26.353017883000078],[88.448636922000048,26.353431295000078],[88.442022339000061,26.356118470000112],[88.431687053000132,26.362216289000074],[88.426002645000096,26.35792714500009],[88.421196737000116,26.348728740000112],[88.413807007000059,26.340202129000076],[88.366781454000034,26.313433736000022],[88.351691936000122,26.300979717000033],[88.336602417000108,26.281807760000035],[88.33293339100004,26.267235006000064],[88.334535360000132,26.230803121000079],[88.326267131000122,26.215920309000026],[88.308697144000121,26.206101787000065],[88.250302776000069,26.188015035000049],[88.229787232000092,26.184035950000052],[88.218883505000122,26.180160217000022],[88.211958863000064,26.173752340000064],[88.205654338000045,26.16641428700008],[88.196921021000037,26.159644674000035],[88.163796428000069,26.140472717000122],[88.155631551000056,26.128483785000057],[88.144469442000116,26.095875957000104],[88.141368856000042,26.090501607000036],[88.139921916000048,26.085333964000043],[88.141162150000127,26.075463766000055],[88.144779500000084,26.070502828000102],[88.15098067200006,26.066988830000057],[88.156406698000069,26.061407776000053],[88.157905314000061,26.050452373000056],[88.151032349000104,26.031332093000074],[88.125865926000074,26.013400371],[88.106538940000121,25.97996571900002],[88.088038778000055,25.923224996],[88.082664429000033,25.915938619000102],[88.077393433000054,25.912786357000059],[88.074396200000081,25.908135478000091],[88.08204431200005,25.863848776000069],[88.088968954000052,25.84865590400004],[88.087573690000056,25.839974264000077],[88.087573690000056,25.830982564000024],[88.103335002000051,25.814807841000047],[88.108037557000102,25.806281230000124],[88.114910522000059,25.787264303000043],[88.127726278000068,25.77491363500009],[88.146433146000049,25.775740458000129],[88.166225220000115,25.783646953000058],[88.182710002000078,25.792431946000065],[88.227461793000032,25.80426584900006],[88.259914592000086,25.789021301000034],[88.320272665000061,25.725252584000103],[88.392981404000125,25.680759176000024],[88.419439738000108,25.653784078000072],[88.423780559000079,25.592237447000073],[88.437784872000123,25.579835104],[88.475405314000113,25.56257517600001],[88.485585571000115,25.542628072000085],[88.512767375000067,25.523714498000047],[88.520467164000081,25.50929677400002],[88.530285686000127,25.500201721000067],[88.550956258000042,25.49648101800004],[88.593589315000031,25.495085755000062],[88.613174683000068,25.486404114000024],[88.645420776000037,25.467335510000041],[88.666349732000128,25.462891338000119],[88.678080281000064,25.465888570000047],[88.687071981000031,25.473898417000029],[88.695650269000055,25.483613586000061],[88.706192261000126,25.491675110000031],[88.714150431000064,25.492811992000057],[88.723142131000031,25.491416728000061],[88.732650595000109,25.49100331700005],[88.742572469000038,25.495189108000105],[88.741952352000055,25.51275909400006],[88.772338095000123,25.501958720000047],[88.780968058000042,25.495189108000105],[88.793112020000137,25.481959941000085],[88.805824422000114,25.471676331000097],[88.814919475000067,25.458602193000061],[88.816314738000074,25.437208151000036],[88.799313192000056,25.401706442000105],[88.799623250000138,25.39560862300003],[88.810371948000125,25.388425598000097],[88.813265828000112,25.380054016000102],[88.814040976000058,25.370390524000086],[88.818330119000109,25.359641826000072],[88.841997925000044,25.332821757000076],[88.849025920000031,25.327189026000056],[88.859257854000134,25.324708557000079],[88.880186808000076,25.323468323000029],[88.886129598000139,25.319075826000059],[88.902872762000072,25.303417867000078],[88.926488892000066,25.300472310000075],[88.975323119566269,25.302642720685014],[88.982712850000041,25.29447784400007],[88.984934937000048,25.284969381000067],[88.982351115000085,25.274892477000051],[88.975323120000041,25.265228984000103],[88.937754354000049,25.240165914],[88.929072713000096,25.229417216000073],[88.927987509000104,25.215929667000026],[88.930778036000049,25.202648825000026],[88.927884156000061,25.192726949000118],[88.909642375000033,25.189161275000046],[88.924163452000073,25.167870585000074],[88.898635295000133,25.169317526000057],[88.830215699000121,25.191331686000026],[88.823601115000031,25.194845683],[88.817089885000087,25.19680938700013],[88.809131714000102,25.195259094],[88.802517131000116,25.188127747000053],[88.792336874000057,25.166578675000025],[88.784223673000042,25.16094594400009],[88.724537394000038,25.166475322000068],[88.66459273300012,25.186887512000041],[88.634258667000097,25.19226186200008],[88.599118693000037,25.193140361000033],[88.590126994000116,25.190143127000013],[88.57772465000005,25.177482401000063],[88.57069665500012,25.173244935000028],[88.559379516000035,25.170764466000051],[88.554676961000041,25.171126201000035],[88.550026082000102,25.173141582000099],[88.523154338000097,25.179807841000112],[88.491838420000079,25.191124980000083],[88.475405314000113,25.195104065000052],[88.441298869000036,25.189729716],[88.431480347000104,25.173038229000056],[88.43416752100012,25.11665924100005],[88.425795939000068,25.051056010000124],[88.414117065000084,25.021522929000085],[88.391017701000067,24.995090434000119],[88.387865438000063,24.968761292000053],[88.375669800000139,24.945610251000076],[88.340891561000092,24.904139913],[88.322753134000038,24.874684347000098],[88.313606405000087,24.868302307000064],[88.296811564000109,24.86969757100006],[88.25485030100009,24.879955343000049],[88.242758016000039,24.880601299000105],[88.241879517000086,24.898765564000044],[88.232836141000121,24.918273417000037],[88.21878015100009,24.935145772000041],[88.202450399000043,24.945300191000072],[88.183020061000093,24.946979675000037],[88.164519897000048,24.941114400000046],[88.114910522000059,24.916413066000032],[88.114910522000059,24.912020569000035],[88.120336548000068,24.906775411000027],[88.124935751000123,24.898145447000061],[88.138061564000054,24.863496399000056],[88.140955445000031,24.844582825000103],[88.131240275000039,24.831767070000055],[88.117390991000036,24.819261373000032],[88.107779175000132,24.801097107000103],[88.094808390000082,24.803112488000053],[88.088245483000037,24.796136170000054],[88.085351604000039,24.784018046000071],[88.084008016000098,24.770452983000084],[88.076980022000043,24.761177063000062],[88.064267619000134,24.759161682000112],[88.053208862000133,24.754975891000086],[88.048454631000141,24.711205953000089],[88.035432169000103,24.69381683400006],[88.02716394100014,24.675730082000044],[88.021789592000061,24.645602722000049],[88.040909872000043,24.640435079000056],[88.057239624000033,24.634104716000039],[88.067264852000051,24.613666687000077],[88.081837606000079,24.599869080000033],[88.084989868000036,24.593874614000086],[88.084989868000036,24.541733093000047],[88.086023397000133,24.536720480000085],[88.090002483000035,24.532999777000057],[88.098787476000098,24.522483623000099],[88.10793420400006,24.507962545000069],[88.109949585000038,24.50098622700007],[88.13878503400008,24.495250143000092],[88.401301311000111,24.369418030000119],[88.475405314000113,24.315467835000064],[88.49834965000008,24.310971985000052],[88.563100219000034,24.308207296000077],[88.612451213000043,24.292885234000025],[88.634517050000056,24.294125468000047],[88.649503215000038,24.315364482000021],[88.660148560000039,24.338257141000057],[88.681800985000109,24.333890483000076],[88.714563843000121,24.315416158000048],[88.737508179000031,24.28709747300006],[88.743037557000036,24.24753916500002],[88.744949585000086,24.243379212000079],[88.747481730000061,24.226971945000017],[88.749807170000054,24.223251242000103],[88.746396525000137,24.21407867500001],[88.734821004000082,24.198420715000069],[88.731617066000126,24.189842428000119],[88.73145573469435,24.189771315493772],[88.715907430000073,24.182917786000033],[88.693789917000061,24.175321351000079],[88.683764689000043,24.166536356000094],[88.678080281000064,24.154289043000077],[88.678286988000139,24.144651388000042],[88.682989543000133,24.124290873000021],[88.681800985000109,24.112663676000054],[88.675393107000048,24.09183807400008],[88.674101197000027,24.082639669000102],[88.679010457000061,24.071219178],[88.697820679000074,24.05625885000002],[88.70092126500009,24.043649801000086],[88.725002482000036,24.038378805000079],[88.725467570000092,24.028896179000085],[88.713840373000096,24.014685161000031],[88.701593058000071,23.995280660000063],[88.708362671000032,23.983550110000081],[88.714357137000036,23.964403992000072],[88.717147665000027,23.943139140000099],[88.714150431000064,23.925155742000115],[88.704435262000061,23.913709412000102],[88.666504761000056,23.879499614000011],[88.653120565000108,23.869784445000064],[88.633948609000072,23.866141256000063],[88.613174683000068,23.867846578000027],[88.593589315000031,23.866916402000086],[88.577621297000121,23.855160014000077],[88.574365682000121,23.845625712000086],[88.575450887000102,23.836556499000025],[88.577621297000121,23.827616476000102],[88.577517945000068,23.818521424000025],[88.572350302000075,23.806894226000068],[88.557674194000072,23.785681051000026],[88.55271325700005,23.774984029],[88.552506551000079,23.765423890000093],[88.559741252000038,23.750282695000081],[88.561188192000031,23.741006775000059],[88.540104208000116,23.649952901000049],[88.54155114800011,23.638764954000081],[88.550956258000042,23.634424134000099],[88.56123986800003,23.632486268],[88.566355835000138,23.628739726000063],[88.564392131000091,23.616208191000069],[88.561084839000102,23.608611756000087],[88.561704956000085,23.602023010000025],[88.571420126000135,23.592333679000077],[88.581548706000092,23.588328756000081],[88.601289104000045,23.590344137000031],[88.609247274000097,23.588793844000023],[88.624233440000069,23.573859355000067],[88.647642864000034,23.535076193000023],[88.664489380000077,23.518307190000073],[88.693789917000061,23.499807028000035],[88.704641968000033,23.495181986000077],[88.719421428000032,23.468103536000015],[88.731927124000038,23.472625224000055],[88.74370935100012,23.489316711000086],[88.756835165000098,23.498799337000051],[88.770167684000114,23.488825786000049],[88.767893921000109,23.467276713],[88.719266398000059,23.348291728000063],[88.695030151000083,23.312609152000064],[88.685935100000052,23.293308004000025],[88.686606893000032,23.271603902000024],[88.696580445000109,23.252354432000104],[88.710016317000054,23.241218160000088],[88.775697063000109,23.221632792000051],[88.786187378000079,23.221529439000037],[88.794197225000062,23.224965922000067],[88.800966838000079,23.230753683000032],[88.809545125000113,23.236050517000066],[88.822670939000091,23.237962545000087],[88.83962080900011,23.234810283000044],[88.909642375000033,23.212434388000062],[88.918065633000083,23.208584493],[88.926953980000121,23.206517436000055],[88.954239136000126,23.207421773000092],[88.959975220000103,23.202693380000099],[88.959820191000063,23.19445098900006],[88.954704224000068,23.183805644000088],[88.945867554000074,23.174348857000027],[88.919099162000066,23.153859152000038],[88.86478723200014,23.100270691000091],[88.851299683000036,23.075130107000049],[88.848715861000073,23.023841248000011],[88.839414103000138,22.995367534000067],[88.838793987000088,22.975808004000058],[88.842773071000124,22.964568380000017],[88.861738322000065,22.942399190000074],[88.872176961000036,22.926767070000054],[88.893467652000083,22.879638164000127],[88.905146526000067,22.866434835000049],[88.933103475000109,22.858114929000081],[88.944523966000077,22.848012187000037],[88.946797730000128,22.834524638000076],[88.945144084000049,22.815094300000098],[88.941216675000078,22.795663961000017],[88.936875855000096,22.782331441000096],[88.926230510000039,22.767035218000032],[88.914965048000056,22.754400330000109],[88.908143758000108,22.740783590000021],[88.910572551000087,22.722593486000065],[88.922509806000107,22.693706360000121],[88.925920451000138,22.680838928000114],[88.930002889000036,22.658618063000077],[88.942353557000104,22.637482402000032],[88.952017049000119,22.611902568000076],[88.956409546000032,22.584979146000066],[88.950311727000042,22.561983134000016],[88.927987509000104,22.54813385000007],[88.95904504400005,22.536816711000071],[88.97098230000006,22.527928365000079],[88.979974,22.490928039000025],[88.998370809000107,22.45124053900004],[89.00250492300006,22.427986145000105],[89.000747925000042,22.420131328000068],[88.992169637000131,22.406953837000103],[88.989482463000115,22.396670227000115],[88.989585816000044,22.386903382000057],[89.001523071000065,22.333676656000094],[89.006949097000131,22.321429342000059],[89.023537231000034,22.294815979000035],[89.009119507000037,22.285617575000046],[89.018627971000114,22.26468861900004],[89.062294555000108,22.211565247000109],[89.070717814000091,22.194822083000062],[89.076195517000087,22.175030009000082],[89.078159220000089,22.150845439000122],[89.060692587000062,22.130484925000076],[89.060394727000073,22.129868882000039],[89.060313347000033,22.130601304000038],[89.043711785000028,22.137396552000041],[89.048594597000033,22.122951565000051],[89.045664910000028,22.11204661700009],[89.039886915000068,22.100897528000075],[89.036875847000033,22.085598049000055],[89.040049675000034,22.069525458000044],[89.05404707100007,22.043646552000041],[89.057383660000028,22.031236070000091],[89.065603061000047,21.96710846600007],[89.060883009000065,21.938462632000039],[89.036875847000033,21.925116278000075],[89.02312259200005,21.93109772300005],[89.01303144600007,21.929429429000038],[89.008067254000082,21.92055898600006],[89.009532097000033,21.90460846600007],[88.993011915000068,21.912665106000077],[88.960459832000083,21.93431224200009],[88.94467207100007,21.938788153000075],[88.937836134000065,21.948716539000088],[88.934580925000034,21.969305731000077],[88.928721550000034,21.986558335000041],[88.913910352000073,21.986558335000041],[88.905039910000028,21.969427802000041],[88.910817905000044,21.946478583000044],[88.924082879000082,21.926336981000077],[88.937836134000065,21.917669989000046],[88.951914910000028,21.913885809000078],[88.968272332000083,21.904730536000045],[88.995860222000033,21.884182033000059],[89.015879754000082,21.853338934000078],[89.03093509200005,21.770453192000048],[89.043711785000028,21.733343817000048],[89.047862175000034,21.728013414000088],[89.067881707000083,21.709133205000057],[89.082774285000028,21.678208726000037],[89.08521569100003,21.674709377000056],[89.088226759000065,21.633734442000048],[89.082692905000044,21.617336330000057],[89.064219597000033,21.609198309000078],[89.053233269000032,21.609808661000045],[89.044688347000033,21.613511460000041],[89.038828972000033,21.61945221600007],[89.036875847000033,21.626898505000042],[89.033946160000028,21.633246161000045],[89.027598504000082,21.624579169000071],[89.021657748000052,21.611802476000037],[89.019786004000082,21.60610586100006],[89.000254754000082,21.603420315000051],[88.975759311000047,21.615912177000041],[88.933848504000082,21.643947658000059],[88.896983269000032,21.650132554000038],[88.891612175000034,21.653509833000044],[88.88607832100007,21.661810614000046],[88.881602410000028,21.672023830000057],[88.872080925000034,21.749009507000039],[88.866058790000068,21.766831773000035],[88.85865319100003,21.766831773000035],[88.855723504000082,21.748846747000073],[88.841563347000033,21.71625397300005],[88.838226759000065,21.701971747000073],[88.842946811000047,21.684149481000077],[88.859873894000032,21.652573960000041],[88.85865319100003,21.636542059000078],[88.844248894000032,21.622219143000052],[88.823985222000033,21.617254950000074],[88.805837436000047,21.622870184000078],[88.797862175000034,21.640204169000071],[88.814789259000065,21.653876044000071],[88.818369988000029,21.657619533000059],[88.818532748000052,21.665838934000078],[88.816661004000082,21.675034898000035],[88.810883009000065,21.69171784100007],[88.804942254000082,21.671861070000091],[88.80046634200005,21.661851304000038],[88.79420006600003,21.657619533000059],[88.784027540000068,21.655951239000046],[88.779063347000033,21.651190497000073],[88.777110222000033,21.643540757000039],[88.776866082000083,21.63344961100006],[88.781748894000032,21.614243882000039],[88.791026238000029,21.598863023000035],[88.796641472000033,21.584418036000045],[88.790537957000083,21.568264065000051],[88.762461785000028,21.555853583000044],[88.72787519600007,21.559881903000075],[88.707530144000032,21.578314520000049],[88.722178582000083,21.609198309000078],[88.687998894000032,21.678127346000053],[88.68490644600007,21.697211005000042],[88.703623894000032,21.810614325000074],[88.698008660000028,21.825506903000075],[88.694509311000047,21.839829820000091],[88.714691602000073,21.897853908000059],[88.716970248000052,21.951971747000073],[88.722178582000083,21.966131903000075],[88.733164910000028,21.97719961100006],[88.746836785000028,21.987127997000073],[88.758311394000032,21.99945709800005],[88.76303144600007,22.017279364000046],[88.754649285000028,22.037583726000037],[88.717051629000082,22.05805084800005],[88.708506707000083,22.072211005000042],[88.714854363000029,22.086981512000079],[88.73015384200005,22.103583075000074],[88.76303144600007,22.130560614000046],[88.743907097000033,22.129339911000045],[88.726573113000029,22.121161200000074],[88.71216881600003,22.109035549000055],[88.701670769000032,22.095851955000057],[88.694834832000083,22.081529039000088],[88.692881707000083,22.06586334800005],[88.699473504000082,22.053208726000037],[88.718516472000033,22.048041083000044],[88.730723504000082,22.037176825000074],[88.723317905000044,22.013088283000059],[88.701670769000032,21.97601959800005],[88.698415561000047,21.962591864000046],[88.689952019000032,21.945990302000041],[88.678721550000034,21.936672268000052],[88.667002800000034,21.945013739000046],[88.656260613000029,21.941066799000055],[88.642588738000029,21.940904039000088],[88.630869988000029,21.945461330000057],[88.625987175000034,21.955511786000045],[88.627452019000032,21.970404364000046],[88.631683790000068,21.979803778000075],[88.646332227000073,22.000230210000041],[88.653493686000047,22.018011786000045],[88.652598504000082,22.031805731000077],[88.648773634000065,22.046047268000052],[88.645030144000032,22.075140692000048],[88.639496290000068,22.097235419000071],[88.639496290000068,22.109523830000057],[88.656993035000028,22.151068427000041],[88.674001498000052,22.162054755000042],[88.683116082000083,22.184963283000059],[88.679942254000082,22.204413153000075],[88.660166863000029,22.205023505000042],[88.661143425000034,22.198960679000038],[88.656016472000033,22.183254299000055],[88.64966881600003,22.169094143000052],[88.646332227000073,22.167792059000078],[88.644297722000033,22.162298895000049],[88.634938998000052,22.144964911000045],[88.630869988000029,22.125799872000073],[88.622080925000034,22.116034247000073],[88.619151238000029,22.109523830000057],[88.618337436000047,22.10297272300005],[88.619965040000068,22.078314520000049],[88.625498894000032,22.059271552000041],[88.625987175000034,22.048041083000044],[88.62037194100003,22.029974677000041],[88.602549675000034,22.006415106000077],[88.598643425000034,21.990301825000074],[88.600271030000044,21.947211005000042],[88.598399285000028,21.929348049000055],[88.567067905000044,21.850816148000035],[88.564626498000052,21.83234284100007],[88.565440300000034,21.771185614000046],[88.564626498000052,21.766831773000035],[88.58130944100003,21.769435940000051],[88.604177280000044,21.77875397300005],[88.624034050000034,21.778021552000041],[88.632823113000029,21.750067450000074],[88.63021894600007,21.731756903000075],[88.623383009000065,21.710272528000075],[88.61264082100007,21.697495835000041],[88.598643425000034,21.70538971600007],[88.591807488000029,21.70538971600007],[88.599619988000029,21.637274481000077],[88.59506269600007,21.612127997000073],[88.578135613000029,21.623439846000053],[88.578135613000029,21.571682033000059],[88.572276238000029,21.557928778000075],[88.558929884000065,21.555568752000056],[88.544769727000073,21.561997789000088],[88.53646894600007,21.575100002000056],[88.530284050000034,21.564398505000042],[88.529633009000065,21.55337148600006],[88.53443444100003,21.542914130000042],[88.543955925000034,21.534084377000056],[88.51295006600003,21.524644273000035],[88.493907097000033,21.534816799000055],[88.48796634200005,21.556545315000051],[88.495616082000083,21.581854559000078],[88.502126498000052,21.589341539000088],[88.508799675000034,21.59438711100006],[88.514008009000065,21.600816148000035],[88.516123894000032,21.612616278000075],[88.516612175000034,21.62641022300005],[88.51880944100003,21.639146226000037],[88.522959832000083,21.649888414000088],[88.529633009000065,21.657619533000059],[88.509532097000033,21.712307033000059],[88.504893425000034,21.741522528000075],[88.512705925000034,21.763413804000038],[88.53288821700005,21.795314846000053],[88.531016472000033,21.824123440000051],[88.515879754000082,21.850816148000035],[88.495616082000083,21.876695054000038],[88.514659050000034,21.916205145000049],[88.51498457100007,21.937201239000046],[88.495616082000083,21.95180898600006],[88.499847852000073,21.933661200000074],[88.492360873000052,21.922023830000057],[88.481211785000028,21.909898179000038],[88.474457227000073,21.890326239000046],[88.477061394000032,21.87181224200009],[88.492035352000073,21.837144273000035],[88.495616082000083,21.81867096600007],[88.49350019600007,21.805161851000037],[88.488291863000029,21.803656317000048],[88.481455925000034,21.805161851000037],[88.474457227000073,21.800970770000049],[88.468272332000083,21.777248440000051],[88.457692905000044,21.758856512000079],[88.453379754000082,21.741766669000071],[88.452159050000034,21.722805080000057],[88.45476321700005,21.70538971600007],[88.468597852000073,21.677150783000059],[88.472178582000083,21.663275458000044],[88.468272332000083,21.643947658000059],[88.45630944100003,21.624009507000039],[88.441905144000032,21.616156317000048],[88.426117384000065,21.611029364000046],[88.409678582000083,21.599269924000055],[88.393077019000032,21.60024648600006],[88.383555535000028,21.631415106000077],[88.382823113000029,21.67133209800005],[88.392588738000029,21.698553778000075],[88.380625847000033,21.696193752000056],[88.36451256600003,21.68695709800005],[88.355723504000082,21.684963283000059],[88.346202019000032,21.688625393000052],[88.340668165000068,21.697495835000041],[88.336436394000032,21.708726304000038],[88.331228061000047,21.71906159100007],[88.326345248000052,21.711086330000057],[88.324717644000032,21.701361395000049],[88.32740319100003,21.691107489000046],[88.345713738000029,21.670599677000041],[88.349457227000073,21.660956122000073],[88.348806186000047,21.650295315000051],[88.345469597000033,21.636542059000078],[88.335459832000083,21.615790106000077],[88.321787957000083,21.605658270000049],[88.309743686000047,21.610174872000073],[88.304453972000033,21.63344961100006],[88.30201256600003,21.745184637000079],[88.29818769600007,21.764105536000045],[88.289805535000028,21.780218817000048],[88.27312259200005,21.797919012000079],[88.261566602000073,21.798651434000078],[88.264170769000032,21.775295315000051],[88.295420769000032,21.676581122000073],[88.297048373000052,21.653876044000071],[88.294444207000083,21.642808335000041],[88.284190300000034,21.621242580000057],[88.283376498000052,21.609198309000078],[88.287608269000032,21.600287177000041],[88.300629102000073,21.589341539000088],[88.304453972000033,21.581854559000078],[88.305837436000047,21.571682033000059],[88.303721550000034,21.568793036000045],[88.297862175000034,21.566555080000057],[88.287119988000029,21.558294989000046],[88.27898196700005,21.555161851000037],[88.266123894000032,21.553859768000052],[88.254405144000032,21.554673570000091],[88.24927819100003,21.558294989000046],[88.245941602000073,21.579901434000078],[88.237478061000047,21.601711330000057],[88.224375847000033,21.613023179000038],[88.20826256600003,21.60297272300005],[88.189463738000029,21.641791083000044],[88.181895379000082,21.665228583000044],[88.18091881600003,21.684963283000059],[88.190440300000034,21.704087632000039],[88.203461134000065,21.724351304000038],[88.210459832000083,21.747259833000044],[88.201426629000082,21.774318752000056],[88.209727410000028,21.788560289000088],[88.203786655000044,21.80540599200009],[88.154063347000033,21.888088283000059],[88.156423373000052,21.897853908000059],[88.15943444100003,21.906154690000051],[88.146739129000082,21.959214585000041],[88.149912957000083,21.976385809000078],[88.156260613000029,21.99087148600006],[88.164317254000082,22.003119208000044],[88.206797722000033,22.05337148600006],[88.222422722000033,22.077948309000078],[88.212738477000073,22.100043036000045],[88.203379754000082,22.151760158000059],[88.198008660000028,22.167792059000078],[88.16529381600003,22.18500397300005],[88.11841881600003,22.200181382000039],[88.08130944100003,22.217352606000077],[88.077321811000047,22.240423895000049],[88.059743686000047,22.229478257000039],[88.043467644000032,22.224758205000057],[88.02702884200005,22.227850653000075],[88.00904381600003,22.240423895000049],[87.985118035000028,22.26593659100007],[87.972666863000029,22.283189195000091],[87.967458530000044,22.298488674000055],[87.96420332100007,22.319281317000048],[87.950694207000083,22.35618724200009],[87.947520379000082,22.373846747000073],[87.946136915000068,22.394924221000053],[87.940440300000034,22.413031317000048],[87.927989129000082,22.424221096000053],[87.906586134000065,22.424750067000048],[87.906586134000065,22.41860586100006],[87.922862175000034,22.397772528000075],[87.935801629000082,22.355169989000046],[87.947520379000082,22.27765534100007],[87.95281009200005,22.26243724200009],[87.965342644000032,22.244818427000041],[87.991953972000033,22.215887762000079],[88.008474155000044,22.204901434000078],[88.025401238000029,22.200913804000038],[88.057383660000028,22.198879299000055],[88.095469597000033,22.191229559000078],[88.132578972000033,22.17914459800005],[88.160980665000068,22.15656159100007],[88.17351321700005,22.116888739000046],[88.164317254000082,22.089789130000042],[88.140635613000029,22.060126044000071],[88.111175977000073,22.034857489000046],[88.084727410000028,22.020697333000044],[88.048594597000033,22.020738023000035],[88.043142123000052,22.017279364000046],[88.045176629000082,22.006537177000041],[88.049001498000052,21.995428778000075],[88.050791863000029,21.98501211100006],[88.046885613000029,21.97601959800005],[88.032399936000047,21.957180080000057],[87.98365319100003,21.854193427000041],[87.970469597000033,21.836493231000077],[87.957774285000028,21.828924872000073],[87.948008660000028,21.825384833000044],[87.909027540000068,21.798814195000091],[87.902191602000073,21.796820380000042],[87.899180535000028,21.794826565000051],[87.895681186000047,21.78937409100007],[87.894786004000082,21.77875397300005],[87.892914259000065,21.774318752000056],[87.867198113000029,21.750799872000073],[87.833994988000029,21.729315497000073],[87.755707227000073,21.69171784100007],[87.703786655000044,21.655503648000035],[87.683848504000082,21.650132554000038],[87.642100457000083,21.652085679000038],[87.621348504000082,21.650620835000041],[87.477386914674355,21.61359284093686],[87.468284133405973,21.630049546749149],[87.436554803361446,21.675628160211431],[87.43087039555229,21.689322414897504],[87.427873162916114,21.703662624730327],[87.427459750866774,21.718183701716441],[87.431283806702254,21.746450711131388],[87.431593865964089,21.761591904842533],[87.424462518230598,21.774743557169415],[87.408546177264213,21.786138211209447],[87.275014275987985,21.81396596925407],[87.251966587288109,21.822105007340213],[87.239667595682931,21.832595322915779],[87.231502720074445,21.848098252732143],[87.225611606690279,21.863575344126787],[87.219617141417928,21.884995225749037],[87.214656203121251,21.924140123467907],[87.206801384975904,21.941425889992786],[87.190678339333829,21.956205349397351],[87.15543501181628,21.972095851942015],[87.136624790101962,21.977237657391981],[87.120811801923082,21.976927599029466],[87.112956983777735,21.97139821995188],[87.106239048093585,21.961734727575617],[87.100761345859382,21.951296087944058],[87.09414676296268,21.942201036348706],[87.085155064154833,21.936619981327055],[87.076163365346986,21.932899278279081],[87.069135370401,21.927576606575144],[87.063450961692467,21.918171494818637],[87.059213494706967,21.907190252827888],[87.047844679987975,21.902177639486467],[87.031411574184744,21.907991238504849],[87.004953240799409,21.936981716532955],[86.995858189204057,21.957032171697335],[86.993687778867866,21.972483425569635],[87.004746535224399,22.000052802095126],[87.005573358423703,22.004832872339193],[87.005676711211208,22.01397960077793],[87.004746535224399,22.025710150702878],[87.000922479388862,22.045218004407388],[86.999372185777702,22.049894720964573],[86.996271600354021,22.055475775986281],[86.987383254333679,22.066586209186198],[86.971260206893021,22.079531155038751],[86.943768344733257,22.096403510413666],[86.892712029936206,22.116583156787215],[86.876588983394811,22.119812934319441],[86.861396111940962,22.120510566309576],[86.848166945248295,22.119296170381915],[86.833904249781256,22.121750799759582],[86.781607700634822,22.155185452146895],[86.766724888442809,22.167716986849427],[86.749051548290311,22.174305732223729],[86.732101677650292,22.178155626480986],[86.715461867171371,22.183504137505906],[86.704609816389905,22.188697618000674],[86.686523065087329,22.218023992813016],[86.693344353559041,22.224328518246523],[86.706676873938534,22.233010158691854],[86.723936802041749,22.242156887130648],[86.728691033864095,22.246471869381253],[86.733858676836405,22.246730251799647],[86.750601841002151,22.240503240731982],[86.761867302933638,22.240606594418807],[86.767034946805325,22.246704413377984],[86.769205357141459,22.25737559700616],[86.767758417217124,22.277348537804755],[86.77230594256514,22.283911444757337],[86.780264112598672,22.286701971818502],[86.795767043314356,22.285229194371823],[86.833904249781256,22.288329779795504],[86.84961388517263,22.29442759875468],[86.85250776592062,22.302024034481576],[86.848373650823305,22.310085558201934],[86.83111372272009,22.325691839906483],[86.816644321678041,22.33638886195638],[86.803311802197868,22.348377794299722],[86.797730747176217,22.365379339984543],[86.795870396101861,22.398658961841591],[86.78987592993019,22.41563467000401],[86.773752883388795,22.432351995747979],[86.760937127846148,22.44124034356696],[86.729827915425915,22.45609731733731],[86.723109978842388,22.461962592299756],[86.718149042344407,22.469403998395819],[86.713601516097071,22.482943224350322],[86.712257928060922,22.492761746357473],[86.712051223385231,22.498161933326571],[86.712257928060922,22.49981557882586],[86.7125679873227,22.500823269178511],[86.713498163309566,22.502166856315341],[86.716288690370732,22.505577501000857],[86.721766391705557,22.505887559363373],[86.741300082932469,22.502373561890352],[86.75091190026393,22.502683621152187],[86.757113072010611,22.505835883419252],[86.759386835134308,22.512088731110055],[86.758973423084967,22.518677476484356],[86.757216424798116,22.526428940942878],[86.749361606652769,22.544799913085512],[86.740059848583087,22.55820994693147],[86.726520624427224,22.571568304833363],[86.702336053266208,22.585882677143843],[86.685386184424829,22.590791937697759],[86.639600865387592,22.591541246531278],[86.625028110658718,22.595752875095116],[86.61138553281603,22.604253648387157],[86.601256952446363,22.619033107791665],[86.594642368650341,22.632546495324505],[86.586890904191819,22.680683091851165],[86.524362420988894,22.729413967580513],[86.498730909903543,22.743134059788986],[86.49077273987001,22.744064235775852],[86.482607863362148,22.742410590276506],[86.469585402244491,22.742824002325847],[86.452325474141276,22.745356146968618],[86.399098749008033,22.784966131781516],[86.394757928335707,22.79930634251366],[86.395584750635692,22.812664700415553],[86.400235629670533,22.839355576898356],[86.400649041719873,22.862997544800862],[86.401889276069198,22.872867742752135],[86.411397739713891,22.894881904476279],[86.414808384399407,22.905940659933492],[86.413878208412541,22.915423285156464],[86.410260858152071,22.926249498415586],[86.410467563727025,22.935783800482],[86.414808384399407,22.943457750574737],[86.441473423359753,22.964024970575906],[86.452842238078802,22.968908392708158],[86.467208286333289,22.972474067024564],[86.483021275411488,22.974179389367293],[86.495216913329841,22.976944078006795],[86.501108025814688,22.979269517973876],[86.505862257637034,22.984049587318566],[86.506482375261385,22.988338731147508],[86.503071729676549,22.992033595773819],[86.495010206855511,22.994979153365193],[86.477750278752353,22.99552175482512],[86.468345167895166,22.998467312416494],[86.464004348122103,22.999319973138256],[86.462867465660963,23.000250149125065],[86.462143996148484,23.000844428327696],[86.459043409825483,23.002549749771106],[86.4504651221676,23.004203396169771],[86.314039341042701,23.008595892786218],[86.260502556647623,23.01980967877364],[86.218024530407718,23.019887193139425],[86.207585890776215,23.013841051023689],[86.192909784159156,23.007743232064513],[86.178026971067823,23.005727851359211],[86.163557570025773,23.011050523063147],[86.142473586087078,23.028258775222298],[86.020207146742393,23.152592271216349],[86.001913689864864,23.165097968396481],[85.98258670421302,23.175045680713595],[85.959952426663108,23.179128118967526],[85.94248579298494,23.18034251579445],[85.900111118633163,23.166364041167526],[85.888432244652336,23.163082586791916],[85.885538364803665,23.166338201846543],[85.880267369043793,23.177009386374039],[85.878200310595844,23.188791612243108],[85.871172315649801,23.210702420280427],[85.839132928142078,23.240623074295399],[85.829831170971715,23.260802721568325],[85.832725050820386,23.283126938957025],[85.84399051275193,23.307027289277983],[85.859390089780788,23.329299832521258],[85.874789666809647,23.346766466199426],[85.880680780193813,23.356300768265839],[85.883367953568154,23.367850450138121],[85.885021599966819,23.391130682834728],[85.889052362276686,23.402577012818881],[85.894220005248997,23.409837550862278],[85.894840121974028,23.416477973079964],[85.885021599966819,23.425883083937151],[85.878510369857622,23.428053494273342],[85.847194451862435,23.425883083937151],[85.84151004405328,23.430094713400308],[85.836962517805887,23.439241440939725],[85.830657994171077,23.448388170277838],[85.823113234388245,23.453865872511983],[85.822389763976389,23.470195623729012],[85.82549035029939,23.479316515544724],[85.828900994984906,23.483063056115157],[85.849468214986075,23.493191637384143],[85.903004999381153,23.502674261707796],[85.919024693135043,23.50179576346369],[85.94248579298494,23.502855128861086],[85.996435987630662,23.511510931784073],[86.004807569713535,23.514223945378774],[86.010595331209515,23.51856476515178],[86.015866326969388,23.529313463145797],[86.014419387045052,23.53843435316287],[86.001396925927338,23.572334093543589],[86.000363397153023,23.579517117221144],[86.002223749126699,23.585640773702721],[86.007288039311504,23.593624783057294],[86.015556267707552,23.6017896595651],[86.024651320202224,23.606750596962456],[86.039120721244274,23.607164008112477],[86.056380650246751,23.602513129077636],[86.098341913448508,23.578741969965904],[86.129141065707586,23.578354397237604],[86.134515415154226,23.55887238195487],[86.123560011585255,23.514223945378774],[86.121492954036569,23.500891424999224],[86.121699659611579,23.49926361702228],[86.122423130023378,23.49719656037297],[86.126453892333245,23.492468166972287],[86.134205356791767,23.488282375930908],[86.149088168983781,23.486577052688801],[86.157666456641607,23.483812364049356],[86.184848260438855,23.472262682177018],[86.203865187728184,23.461203924921165],[86.214303827359686,23.449163315734438],[86.227946405202374,23.443246364827871],[86.242829217394444,23.44358226251137],[86.273008253827811,23.453736681302757],[86.302463819849379,23.478076280296079],[86.313729282680242,23.484561671983556],[86.323547804687394,23.494095974049969],[86.32809533093473,23.497842516418984],[86.329748977333395,23.499909573068351],[86.330679152420885,23.500607205058429],[86.332436150707736,23.502674261707796],[86.336466913017603,23.508436183882736],[86.340187616065577,23.518332221155049],[86.341221144839949,23.529907742348428],[86.340911085578114,23.542387600207576],[86.342461379189274,23.554143989453507],[86.34835249167412,23.567941596027822],[86.360961541641814,23.582075100285635],[86.379875116143637,23.598017280573004],[86.410467563727025,23.616569118969664],[86.458526645887957,23.638609117316889],[86.542449172291413,23.66020986609243],[86.583170201143844,23.67739227982986],[86.64611209459747,23.696900133534314],[86.764037714169149,23.714780178362503],[86.799797804724847,23.72552887635652],[86.817884556027423,23.750126857768237],[86.822432082274759,23.776895250415464],[86.815920852165561,23.796377264798934],[86.811373325918225,23.806531684489642],[86.810029737882076,23.812551988183714],[86.80971968041888,23.818081366361923],[86.8150940289662,23.836684882501288],[86.821915318337233,23.848932197263082],[86.827186314097105,23.855831000100579],[86.846306594173939,23.868104153284037],[86.855504998556796,23.87895620406556],[86.857675408892987,23.882909451110265],[86.859639112754792,23.888154609347737],[86.861396111940962,23.895440985812854],[86.864600051051468,23.902158922396325],[86.869767694023835,23.908385932564727],[86.877209100119842,23.913062649121969],[86.889818150087535,23.912003281925877],[86.907284783765704,23.905776271757532],[86.958961216187163,23.873090929103057],[86.979941848237672,23.863866685399216],[86.996271600354021,23.862083848690645],[87.00784712064808,23.861877143115635],[87.015598586005922,23.859603379991995],[87.036992629206452,23.839113674356554],[87.056733026008317,23.82554861087965],[87.079677361920687,23.815213324035653],[87.131870559178935,23.803121038904806],[87.166287062597803,23.810226549115953],[87.17031782400835,23.823533230174405],[87.168457472933994,23.829424343558571],[87.163289829062307,23.837770087219724],[87.146133253746598,23.852704576255178],[87.139415318062447,23.859939276776174],[87.137244907726256,23.867742418078137],[87.139311965274942,23.873323473099788],[87.144686313822262,23.878129380866199],[87.15429813025446,23.87993805599649],[87.165046828248478,23.878465278549754],[87.186027460299044,23.872780869841279],[87.196672804606237,23.871282253972822],[87.205354445051569,23.868879298740637],[87.213002556722586,23.86291067099063],[87.225094841853434,23.846296698034166],[87.23253624884876,23.845831610940081],[87.241217889294091,23.850844225180822],[87.246488885053964,23.864951891016915],[87.248245884240134,23.875958971429384],[87.247625766615784,23.897508043361483],[87.250416293676949,23.905543727760801],[87.255790643123646,23.909987901220632],[87.267262810630143,23.909832872489062],[87.275634392713016,23.915543117820619],[87.282662387659002,23.927945462213302],[87.285142857257028,23.940683702490844],[87.282972446920837,23.954868882692779],[87.276151158449181,23.966134345523585],[87.256720819110456,23.98070709935314],[87.25237999933745,23.987063299831391],[87.25144982335064,23.993212796533328],[87.25144982335064,24.000499172099069],[87.247109002678314,24.005770168758261],[87.231296013600115,24.019206041025939],[87.225714960377104,24.027345079112081],[87.227161900301439,24.033701280489709],[87.235533482384255,24.040419216173859],[87.254757115248651,24.046672064763982],[87.301575962160882,24.056852321977033],[87.309017369156209,24.056206365931018],[87.316148715990437,24.051090399802092],[87.321729771012087,24.042667140875835],[87.324520298073253,24.030781562219317],[87.325450474060119,24.017526557104929],[87.328137648333779,24.007604682310216],[87.33216840974427,24.002747096801045],[87.338059523128436,24.001842760135276],[87.397177361645902,24.023391832067375],[87.417641228859566,24.023934434426565],[87.446580030943608,24.016699733905568],[87.458155552136986,24.01982615775097],[87.472004835554685,24.034063014796288],[87.481720004774388,24.040186672177185],[87.488747999720374,24.046852931917272],[87.491228469318344,24.055922145990223],[87.489988234069699,24.081579495497294],[87.492572055555854,24.097909246714323],[87.486887647746698,24.124135037002361],[87.488541294145364,24.132429103820073],[87.497739699427541,24.138320217204239],[87.506628046347203,24.140232245121979],[87.517273390654395,24.138914496406869],[87.529675734147759,24.132971707078582],[87.55168989497264,24.113799750158307],[87.563265415266642,24.112068590293177],[87.572050409398855,24.117572130049723],[87.581868931406007,24.136537380495668],[87.586829868803363,24.149223944829146],[87.589310336602693,24.170824692705366],[87.59406456932436,24.17844696685404],[87.605433384043408,24.182090156435549],[87.636129185313621,24.178162746913245],[87.650908644718129,24.179480496527674],[87.661553989924641,24.186198432211881],[87.663414340998997,24.20040945083548],[87.652768995792485,24.218909614187339],[87.645947707320772,24.223482977957076],[87.641400181073436,24.223431301113635],[87.634888950964296,24.220537421264964],[87.628997836680753,24.219607245278155],[87.624553664120242,24.22294037469851],[87.623313429770917,24.230226752062947],[87.623313429770917,24.239993598126034],[87.621866489846582,24.250664780854947],[87.623726840920938,24.260483302862099],[87.63147830627878,24.269371649781817],[87.65287234857999,24.276890571142928],[87.666101516171977,24.28019786214162],[87.69183637914557,24.296553453579008],[87.720568474755282,24.317792467148649],[87.73379764234727,24.334690660045908],[87.775758904649706,24.419310818439499],[87.779789666959516,24.435485540924958],[87.778446078923366,24.446001694922245],[87.775345494399005,24.455510159466257],[87.776275668587175,24.464295151799774],[87.780409783684547,24.471788234739222],[87.789298129704889,24.479901435302963],[87.79415571521406,24.485766710265466],[87.798496534987066,24.494525865076582],[87.800460239748247,24.500778712767385],[87.800046827698907,24.508220119762711],[87.797256300637741,24.515041409133687],[87.788574660192353,24.526410223852736],[87.787127720268018,24.533825792426342],[87.790848423316049,24.562454535248605],[87.788988072241693,24.569560045459696],[87.782373488445671,24.574288437961002],[87.771728143239159,24.578293361849148],[87.759842563683321,24.581497300959654],[87.752401157587315,24.587233384712931],[87.750850864875474,24.593331204571427],[87.757465447772177,24.599299832321378],[87.767697381828668,24.601599432967419],[87.782166782870718,24.599816596258904],[87.792915480864735,24.596586818726678],[87.803147414021907,24.591858425326052],[87.811932408154064,24.586535752722796],[87.822991163611277,24.581393948172149],[87.834876744066435,24.579146023470173],[87.849242792320979,24.579533596198473],[87.864228957300497,24.582711696887259],[87.877251418418211,24.588680325536586],[87.888000116412229,24.597361965082598],[87.894821404883885,24.604415798450304],[87.899989047856252,24.62095225704104],[87.888000116412229,24.626920884790991],[87.881592238191217,24.626998399156776],[87.873840772833375,24.629788927117261],[87.870120069785344,24.634698188570553],[87.873427361683355,24.64425832815931],[87.880662063103671,24.650020250334251],[87.890790642574075,24.655859686875033],[87.895338168821411,24.661828315524303],[87.895441521608916,24.670303250394682],[87.888930292399039,24.680974433123595],[87.883039178115553,24.687123928026836],[87.879008416705005,24.694384466969552],[87.877458123993165,24.702962755526755],[87.876838007268191,24.716191921320103],[87.874770948820185,24.726087957693096],[87.867949660348529,24.736862494108777],[87.861128370977497,24.750995999265911],[87.857924431866991,24.755285143094852],[87.85327355283215,24.758437405361974],[87.830432569707284,24.761382962054029],[87.823301222873113,24.763605048334284],[87.817410108589627,24.76735158890466],[87.81244917209159,24.775697333465132],[87.811002232167255,24.785541693894061],[87.815859815877786,24.794662583911077],[87.823714634023077,24.796884671090709],[87.830742628969119,24.794817613542023],[87.841181267701302,24.788306383432825],[87.848622674696628,24.787091987505221],[87.854203728819016,24.789701646513777],[87.856684198416986,24.796057847891348],[87.857924431866991,24.800527858873579],[87.861955194176858,24.851532497726566],[87.866709425999147,24.86241038692981],[87.87911177039183,24.878688463102094],[87.881902296553733,24.891969305738826],[87.880868767779361,24.915507920853827],[87.877458123993165,24.938865667916218],[87.858854607853857,25.008887234058591],[87.849552849784175,25.030643012465021],[87.844075148449292,25.041546739190665],[87.835600213578971,25.047101955790595],[87.797359654324566,25.083740546389095],[87.7926054216029,25.086582750293701],[87.786921013793688,25.087538763802911],[87.781029901308841,25.089890042191655],[87.776275668587175,25.096788845029153],[87.775138787924675,25.103300076037669],[87.776482375061505,25.117924505811288],[87.776275668587175,25.1247199567606],[87.770384556102329,25.147948513513086],[87.768730909703663,25.159239813866293],[87.769454380115519,25.173140774127432],[87.773278435950999,25.184509588846424],[87.779066197447037,25.191976834263471],[87.783510370007548,25.200296739502903],[87.783717075582558,25.214094346976538],[87.817100051126431,25.24667633684345],[87.838080682277621,25.277759710841963],[87.839010858264487,25.28830170326097],[87.829192336257279,25.302150987577988],[87.821234165324427,25.322873237210104],[87.816789991864596,25.341115017244249],[87.813689406440915,25.347342027412594],[87.806868117069882,25.354990139083611],[87.798806594248902,25.365945543551959],[87.796326124650875,25.36811595298883],[87.792708775289725,25.369123643341425],[87.788884718554868,25.368916937766471],[87.782063430083213,25.366720689008559],[87.778239374247676,25.36620392507109],[87.77482872866284,25.36697907232633],[87.772038201601674,25.368968613710535],[87.770384556102329,25.371681627305236],[87.766663853054354,25.381965237305849],[87.763356561156343,25.38873484983344],[87.761186150820151,25.391473700051222],[87.758395623758986,25.393514920077507],[87.747750278552473,25.397390651857052],[87.744959750591988,25.399457709405738],[87.743822869929488,25.402635810094523],[87.745579869115602,25.406873277080081],[87.749713983313654,25.411317450539912],[87.759532505320806,25.417906195914213],[87.764183384355647,25.422350369374044],[87.766973911416869,25.426381129885215],[87.767904087403679,25.429714260204946],[87.768317498553699,25.433176580834527],[87.768007440191184,25.436277167157527],[87.786094190594383,25.446121528485719],[87.819373814250071,25.457438666361327],[87.849966261833458,25.471107083525055],[87.863195427626863,25.478600165565183],[87.869706658635323,25.48606741008291],[87.878181594405021,25.499761663869663],[87.878491651868217,25.500071723131498],[87.878801711130052,25.500355943072293],[87.880352003841892,25.501286119059102],[87.885519646814203,25.503663234970304],[87.922623326305427,25.514437771386042],[87.942880487044818,25.52536733743267],[87.95579959537497,25.534074815400402],[87.97491987455254,25.528312893225404],[87.988665806082054,25.518287664743923],[87.990216098793894,25.514592800117612],[87.990526158055729,25.507693997280114],[88.005822382297083,25.501208603793998],[88.067420688613879,25.491080024323651],[88.065250279177008,25.506531277296574],[88.064940219915172,25.519863795877484],[88.062769809579038,25.52459219017743],[88.058945753743501,25.529914862780686],[88.05047081887318,25.537511298507582],[88.046129999100117,25.542627265535884],[88.043132765564621,25.547097276518059],[88.044062940652168,25.556915798525267],[88.052124465271845,25.584562690315863],[88.056775344306629,25.614121609124936],[88.056671990619861,25.621278795280148],[88.055535109057985,25.627428290183445],[88.05047081887318,25.645670071116854],[88.046440056563313,25.668872789447676],[88.042822707202163,25.678148709095638],[88.032900832407449,25.691326198944921],[88.005098910985907,25.710808214227711],[87.942570427782982,25.735328681273586],[87.932235141838305,25.751296699083355],[87.910531040275259,25.76512014407939],[87.904123162953567,25.773310859008916],[87.897508579157545,25.786565864123304],[87.89265099544707,25.804187527432418],[87.887069940425363,25.813308417449491],[87.882419061390522,25.818760281261973],[87.878078240718196,25.822558499575052],[87.865055779600539,25.843900865032879],[87.854927199230815,25.849843655260486],[87.824334750748108,25.862840277956423],[87.805421177145547,25.873666490316282],[87.800977003685716,25.878782457344528],[87.798289829412056,25.883123277117534],[87.797359654324566,25.886999009796455],[87.796119419075865,25.890487168847756],[87.794465772677256,25.893665269536541],[87.789194776917384,25.902372748403593],[87.787954542568059,25.906351833870019],[87.787437778630533,25.911674506473275],[87.789504836179219,25.919167589412723],[87.793225539227194,25.923379217976503],[87.800770298110706,25.926195584358709],[87.811002232167255,25.92854686094887],[87.814412875953451,25.93180247600344],[87.817100051126431,25.937073473561952],[87.824541457222438,25.966296494687469],[87.828365513057918,25.975443224025526],[87.829915805769758,25.986579494747843],[87.828882276995444,25.999963691071457],[87.828985629782949,26.000118719803083],[87.828985629782949,26.000428779064862],[87.831362745694094,26.010557359434586],[87.839424270313771,26.022313747781197],[87.867329542724178,26.04918549231661],[87.936679315298136,26.099001572764337],[87.970268996417019,26.138301500114096],[87.979364048012371,26.145794583053544],[87.985565219759053,26.146983141458804],[87.992386509130029,26.146828110928539],[87.999414504076071,26.146027127050274],[88.006545851809562,26.1469056261937],[88.016467726604276,26.150884710760749],[88.038068475379816,26.171116033977739],[88.047473586237004,26.177110501048787],[88.067730746976338,26.185120347925704],[88.079823033006505,26.192820136440105],[88.097909784309081,26.211113593317634],[88.118580357097755,26.22648733192483],[88.154443801340335,26.265425523169313],[88.167466261558673,26.277181912415301],[88.180488722676387,26.285527656076454],[88.208910759923583,26.293589178897491],[88.220072869966941,26.299454453859937],[88.25107872870035,26.326765448866354],[88.263687778667986,26.332708238194641],[88.27650353421069,26.334904486952496],[88.29252322796458,26.335137030949227],[88.297174106999421,26.336222236566925],[88.300171339635597,26.338935248362986],[88.302445102759236,26.343896185760343],[88.303892042683572,26.35175100390569],[88.303685337108561,26.359967556357617],[88.299551222910566,26.368804226433895],[88.292213168702744,26.376452338104912],[88.278673943647561,26.383557848316002],[88.259450310783166,26.390844224781119],[88.254489374285185,26.396037706175207],[88.25376590387333,26.403582465058719],[88.25779666528382,26.410868842423099],[88.263997837030502,26.415674750189567],[88.27422977108705,26.420842393161877],[88.278363885285046,26.423684597066483],[88.282291293908031,26.428438828888829],[88.278673943647561,26.435001735841411],[88.270819126401534,26.444225979545308],[88.237436150857661,26.474637559975406],[88.227824335324783,26.481458849346382],[88.216455519706415,26.484843654710858],[88.208704055247892,26.488693548968115],[88.19960900275322,26.495979926332495],[88.195268182080895,26.500139878952211],[88.195268182080895,26.500243231739717],[88.194958123718379,26.501483466089098],[88.196198358067761,26.512619736811359],[88.205810175399222,26.539724026242823],[88.203433058588757,26.547191269861173],[88.19402794773157,26.549516709828254],[88.150206332556138,26.535305691204655],[88.130982700591119,26.53119741542838],[88.121887648096447,26.530499783438245],[88.104627719993232,26.535434882413881],[88.087136240744883,26.539100003762144],[88.101681356000086,26.581944479000086],[88.146639852000078,26.661216126000014],[88.163383016000068,26.705141093000051],[88.167517131000068,26.725036519000057],[88.169067424000104,26.744001770000111],[88.167827189000036,26.762915344000035],[88.159042196000087,26.802551169000097],[88.155321493000031,26.845597636000022],[88.15139408400006,26.862805888000096],[88.142815796000036,26.878412170000033],[88.120439901000054,26.908849589000098],[88.111809937000032,26.924300842],[88.096823771000061,26.959337464000029],[88.076876669000058,26.991790263000027],[88.055947714000069,27.018041891000067],[88.042821900000092,27.028945618000122],[88.027370647000112,27.035353495000081],[88.009490601000039,27.045637105000068],[87.991300497000111,27.08150055],[87.975487509000118,27.095143128000117],[87.970733277000079,27.102739563000071],[87.969182983000053,27.11080108700007],[87.970836630000122,27.119224345000063],[87.985461059000102,27.148369853000062],[87.989336792000074,27.218391419000099],[88.004662758679331,27.249163087806267],[88.029024292000031,27.298076477000066],[88.035122111000078,27.322571106000012],[88.032538290000105,27.333888245000068],[88.020135946000039,27.353370260000062],[88.015795125000068,27.364222311000034],[88.014761597000074,27.378071594000076],[88.017242065000062,27.389233704000034],[88.025820353000086,27.412074686000025],[88.029592733000072,27.418740947000046],[88.03481205300011,27.42380523700011],[88.039307902000132,27.429489644000071],[88.041633342000068,27.438067933000085],[88.039772990000074,27.442357077000068],[88.030781291000039,27.450728659000035],[88.028094116000091,27.455121155000128],[88.023339884000109,27.474654847000025],[88.022099650000087,27.484240825000128],[88.023339884000109,27.494912008000128],[88.048764689000109,27.545348206000043],[88.110879761000092,27.639502666000013],[88.134857626000098,27.723166809000062],[88.14932702700014,27.748772482],[88.159662313000126,27.774119772000105],[88.154598022000073,27.815150859000042],[88.166586955000128,27.833599346000071],[88.16462325100008,27.845355734000051],[88.156406698000069,27.851272685000069],[88.143022502000122,27.855716858000065],[88.118217814000047,27.860884501000058],[88.104885295000031,27.879720561000099],[88.097495565000031,27.904008484000073],[88.099924357000077,27.928322246000093],[88.115737346000117,27.947261658000045],[88.126692749000085,27.950439759000105],[88.151187378000031,27.947209982000018],[88.162969605000058,27.946899923000032],[88.17485518400008,27.949767965000021],[88.197851197000034,27.958294576000029],[88.378770386000042,27.982634176000047],[88.399751018000075,27.994726461000042],[88.399854371000117,27.994726461000042],[88.399906047000115,27.994881490000083],[88.455768270000078,28.031520081000039],[88.475405314000113,28.036248474000033],[88.502070353000079,28.028884583000021],[88.517159872000093,28.039581604000105],[88.530802450000067,28.059011943000101],[88.552816609000047,28.078054708000067],[88.594002726000042,28.106605937000026],[88.610487508000119,28.105830790000127],[88.631674846000067,28.083351542000017],[88.652035360000127,28.069398906000018],[88.710119670000097,28.061983337000115],[88.735647827000037,28.055265402000074],[88.780141235000031,28.028341980000064],[88.802930542000126,28.011004537000062],[88.817503296000098,27.994881490000083],[88.817710002000126,27.994881490000083],[88.817710002000126,27.994726461000042],[88.81967370600006,27.977337342000013],[88.809751832000075,27.944496969000099],[88.810682007000139,27.927857158000066],[88.818898560000036,27.91519643200003],[88.842773071000124,27.892407125000133],[88.85155806500012,27.877162577],[88.85507206300008,27.859179179000094],[88.853883504000066,27.843676249000097],[88.805669393000073,27.655108948000063],[88.78308679200012,27.622036031000064],[88.767377156000066,27.586198425000035],[88.748153524000031,27.560127666000042],[88.741022177000104,27.545709941000027],[88.741642293000041,27.531679789000023],[88.757558634000077,27.511448466000033],[88.757196899000064,27.494963684000041],[88.754354696000121,27.464216207000092],[88.759780722000073,27.435070699000065],[88.773578329000031,27.408509013000057],[88.795385783000086,27.385926412000018],[88.808201538000048,27.378381653000062],[88.819828735000101,27.373627422000069],[88.830835816000103,27.367322896000061],[88.852023153000061,27.342363180000078],[88.864632202000053,27.332389628000087],[88.892330770000115,27.315543111000082],[88.884630982000033,27.286345927000056],[88.876115605000052,27.280485679000051],[88.861428263000107,27.270377910000022],[88.801173543000061,27.256425273000033],[88.775852091000047,27.240870667000095],[88.754354696000121,27.21260365800002],[88.738438354000095,27.17978912300002],[88.730066772000043,27.150953674000064],[88.733082315000047,27.148972387000114],[88.742572469000038,27.142737122000042],[88.80525598100013,27.113023173000059],[88.827631877000044,27.097881979000064],[88.840809367000077,27.075247701000094]]]]}},
{"type":"Feature","properties":{"fid":2,"featurecla":"Admin-1 states provinces","scalerank":9,"adm1_code":"BTN-2484","diss_me":2484,"iso_3166_2":"BT-TY","wikipedia":null,"iso_a2":"BT","adm0_sr":1,"name":"Tashi Yangtse","name_alt":"Trashi Yangtse|Trashiyangtsi","name_local":null,"type":"Dzongkhag","type_en":"District","code_local":null,"code_hasc":"BT.TY","note":null,"hasc_maybe":null,"region":"Eastern","region_cod":null,"provnum_ne":21,"gadm_level":1,"check_me":10,"datarank":8,"abbrev":null,"postal":"TY","area_sqkm":0,"sameascity":-99,"labelrank":9,"name_len":13,"mapcolor9":1,"mapcolor13":8,"fips":"BT24","fips_alt":"BT11|","woe_id":55967863,"woe_label":null,"woe_name":"Tashi Yangtse","latitude":27.676,"longitude":91.5121,"sov_a3":"BTN","adm0_a3":"BTN","adm0_label":2,"admin":"Bhutan","geonunit":"Bhutan","gu_a3":"BTN","gn_id":7303653,"gn_name":"Trashi Yangste","gns_id":11057189,"gns_name":"Trashi Yangtse Dzongkhag","gn_level":1,"gn_region":null,"gn_a1_code":"BT.24","region_sub":null,"sub_code":null,"gns_level":1,"gns_lang":"fas","gns_adm1":"BT24","gns_region":"8","min_label":8.7,"max_label":11.0,"min_zoom":8.7,"wikidataid":"Q600200","name_ar":"مقاطعة تراشيانغتس","name_bn":"ত্রাশিইয়াংতসে জেলা","name_de":"Trashiyangtse","name_en":"Trashiyangtse","name_es":"Trashiyangste","name_fr":"Trashiyangtse","name_el":"Τρασιγιάνγκτσε","name_hi":"ट्रैशियांगत्से जिला","name_hu":"Trashiyangtse","name_id":"Trashiyangtse","name_it":"Trashiyangtse","name_ja":"タシ・ヤンツェ県","name_ko":"트라시양체 현","name_nl":"Trashiyangste","name_pl":"Trashiyangste","name_pt":"Trashiyangste","name_ru":"Трашиянгце","name_sv":"Trashiyangste","name_tr":"Trashiyangste","name_vi":"Trashiyangste","name_zh":"塔希央奇宗","ne_id":1159311805,"name_he":"טאשי יאנגצה","name_uk":"Трашіянгце","name_ur":"تراشییانگتسے ضلع","name_fa":"استان تراشیانگتس","name_zht":"塔希央奇宗","FCLASS_ISO":null,"FCLASS_US":null,"FCLASS_FR":null,"FCLASS_RU":null,"FCLASS_ES":null,"FCLASS_CN":null,"FCLASS_TW":null,"FCLASS_IN":null,"FCLASS_NP":null,"FCLASS_PK":null,"FCLASS_DE":null,"FCLASS_GB":null,"FCLASS_BR":null,"FCLASS_IL":null,"FCLASS_PS":null,"FCLASS_SA":null,"FCLASS_EG":null,"FCLASS_MA":null,"FCLASS_PT":null,"FCLASS_AR":null,"FCLASS_JP":null,"FCLASS_KO":null,"FCLASS_VN":null,"FCLASS_TR":null,"FCLASS_ID":null,"FCLASS_PL":null,"FCLASS_GR":null,"FCLASS_IT":null,"FCLASS_NL":null,"FCLASS_SE":null,"FCLASS_BD":null,"FCLASS_UA":null,"FCLASS_TLC":null},"geometry":{"type":"MultiPolygon","coordinates":[[[[89.738739054000064,26.703280742000047],[89.685150595000039,26.72457143100003],[89.663239787000066,26.725501607000083],[89.628306518000102,26.712530823000051],[89.609806356000036,26.712220765000083],[89.597507365000126,26.720954081000045],[89.613475383000036,26.748549296000036],[89.611356649000072,26.765964254000082],[89.586086874000102,26.784051005],[89.546502726000028,26.797538554000042],[89.505419962000076,26.80368804900003],[89.442891480000071,26.797021789000027],[89.407338094000124,26.813403219000051],[89.368894557000033,26.837358593000076],[89.341657349000116,26.854330953000087],[89.300161173000106,26.844409078000083],[89.286363566000091,26.844977519000039],[89.27359948700007,26.843892314000058],[89.262954142000126,26.836347555000103],[89.252618856000083,26.826787415000084],[89.240836629000114,26.819759420000096],[89.212828003000084,26.813041484000067],[89.184612671000139,26.81056101500009],[89.128078655000081,26.813454895000078],[89.096504354000103,26.821413066000034],[89.082448364000072,26.836037496000117],[89.074335165000036,26.856398010000035],[89.060692587000062,26.881461080000051],[89.044879599000069,26.897119039000117],[89.021573527000044,26.912673645000027],[88.996613811000032,26.922750549000071],[88.975323120000041,26.921717021000077],[88.965814657000067,26.915464173000103],[88.954549195000084,26.912621969000028],[88.942766968000115,26.913707174000123],[88.932328328000096,26.9192365520001],[88.925300334000042,26.929365133000076],[88.925403686000095,26.939028626],[88.926953980000121,26.949415588000122],[88.924473511000031,26.961662903000061],[88.90664514100007,26.981093242000028],[88.886439657000096,26.978974508000064],[88.867112671000029,26.964246725000052],[88.851713094000047,26.945436504000028],[88.845615275000114,26.994839172000056],[88.845615275000114,26.994942526000088],[88.845615275000114,27.049564514000039],[88.840809367000077,27.075247701000094],[88.827631877000044,27.097881979000064],[88.80525598100013,27.113023173000059],[88.742572469000038,27.142737122000042],[88.733082315000047,27.148972387000114],[88.730066772000043,27.150953674000064],[88.738438354000095,27.17978912300002],[88.754354696000121,27.21260365800002],[88.775852091000047,27.240870667000095],[88.801173543000061,27.256425273000033],[88.861428263000107,27.270377910000022],[88.876115605000052,27.280485679000051],[88.884630982000033,27.286345927000056],[88.892330770000115,27.315543111000082],[88.915160016984942,27.330869457273181],[88.950808165845729,27.328228853653869],[88.971932994800284,27.312385231937938],[88.997018729183765,27.330869457273181],[88.981175107467834,27.354634889847048],[88.964011183942262,27.392923642327176],[88.951059551310266,27.433144260415148],[88.957549098765071,27.456939267749547],[88.966201828704811,27.478030296977792],[88.982966492963158,27.492631778751146],[88.980046253322882,27.497980380569217],[88.975209705646932,27.506838820587532],[88.972955419638879,27.517659393426257],[88.978365706058185,27.530283395071351],[88.992793136509761,27.537497110297139],[89.00496628095334,27.549670254740633],[89.00271199494523,27.560490827579358],[89.016237710993664,27.575819972434161],[89.033370284654836,27.57897597284547],[89.039682285477397,27.594305117700188],[89.050953715517721,27.608281690950221],[89.064028574364443,27.615946263377637],[89.09153086366274,27.625865121813021],[89.102351436501465,27.623610835805025],[89.105864594847901,27.622952118615089],[89.109565151727224,27.62225826420017],[89.119484010162751,27.618200549385719],[89.124654945727059,27.614851589150547],[89.127358923833299,27.627289888438966],[89.15602109175876,27.665686377546805],[89.198203150215193,27.730581852095057],[89.205843265430815,27.747435047423672],[89.216590201337226,27.771141523687859],[89.224920288000078,27.807812806000058],[89.258716675000073,27.827553203000022],[89.299489380000125,27.844244690000053],[89.336024618000067,27.869075216000098],[89.370131063000031,27.909356995000039],[89.417363677891387,27.988654027061671],[89.420980672000042,27.994726461000042],[89.42118737800007,27.994726461000042],[89.444545126000037,28.031184184000054],[89.458807821000107,28.047798157000059],[89.475344280000115,28.061337382000133],[89.495343059000049,28.06800364200005],[89.515031779000083,28.081904602000023],[89.561488891000124,28.134640401000055],[89.579420614000071,28.144639791000074],[89.597817424000084,28.149807434000067],[89.717810100000065,28.169082744000022],[89.755843954000113,28.184378967000058],[89.77362064600004,28.212775167000089],[89.780855347000113,28.228769023000027],[89.796048218000067,28.24018951500004],[89.82974125100003,28.259154765000076],[89.838629598000125,28.267913921000073],[89.854029175000107,28.287266744000121],[89.862917521000043,28.295793356000033],[89.873614543000031,28.300599263000052],[89.881314331000112,28.297524516000109],[89.916130013538748,28.315601177066512],[89.952524455000059,28.30824737600004],[89.971593059000043,28.318040060000087],[89.990454957000054,28.320623881000088],[90.070860353910177,28.345230391180181],[90.123534512334516,28.335353986475624],[90.153163726448156,28.322185446869483],[90.176208670758797,28.325477581771068],[90.199253615069495,28.34852252608168],[90.22559069428155,28.358398930786237],[90.261804178198304,28.335353986475624],[90.261804178198304,28.299140502558899],[90.291470175000086,28.261351014000084],[90.329504028000088,28.255795797000061],[90.353983955440867,28.299140502558899],[90.386905304456036,28.299140502558899],[90.41653451856979,28.282679828051258],[90.456040137388015,28.282679828051258],[90.505422160910825,28.249758479036117],[90.548219914630522,28.246466344134532],[90.587725533448861,28.233297804528476],[90.597601938153389,28.200376455513336],[90.567972724039748,28.19050005080878],[90.548219914630522,28.157578701793526],[90.515298565615353,28.154286566892026],[90.485669351501713,28.124657352778272],[90.475231567000094,28.072344463000022],[90.492594849000113,28.074411519000094],[90.510061483000072,28.074101461000012],[90.575277140000082,28.06583323200006],[90.597394654000084,28.070587464000042],[90.62188928300003,28.0729645790001],[90.65103479000004,28.086994731000104],[90.667467896000119,28.090327860000016],[90.683901001000095,28.087072245000044],[90.726895793000097,28.06169911800005],[90.755277536000051,28.055173215000096],[90.788700806000065,28.047488098000073],[90.850919231000091,28.044025777000044],[90.909520304000068,28.032656963000036],[90.96057662000004,27.994726461000042],[90.975149374000125,27.982091573],[91.008842408000078,27.966769512000056],[91.051940552000076,27.962790426000069],[91.09255822800003,27.971678772000061],[91.119429972000034,27.994726461000042],[91.119636679000052,27.994881490000083],[91.133796020000034,28.014105123000022],[91.175860636000039,28.057487488000092],[91.194670858000052,28.070587464000042],[91.220612427000106,28.074876607000121],[91.246140585000035,28.071465963],[91.269705038000041,28.072861227000075],[91.29016890500003,28.091413066000101],[91.309599243000093,28.056402283000082],[91.341431926000041,28.030564067000071],[91.418843221000088,27.994726461000042],[91.436482871000123,27.989375107000015],[91.446438436000051,27.986354879000075],[91.460907837000093,27.984365336000039],[91.497494751000033,27.984081116000041],[91.537492310000118,27.969353333000058],[91.578626750000069,27.96470245400009],[91.600640910000095,27.959276429000013],[91.621724894000124,27.950723979000074],[91.637951295000107,27.939742737000088],[91.652834107000047,27.916746725000039],[91.648906698000076,27.897213033000057],[91.637124471000106,27.877240093000111],[91.6283394780001,27.852693787000035],[91.56435452404213,27.851372366541511],[91.566023216997905,27.821073950502466],[91.605335586933748,27.810658168996827],[91.63576961127859,27.782524817666229],[91.634957059420799,27.746570816190285],[91.626685832000135,27.716423035000034],[91.579866984000034,27.657976990000051],[91.573252401000047,27.619710592000033],[91.595059855000045,27.546381734000121],[91.60446496600008,27.53214487700005],[91.632887004000054,27.51165517200009],[91.641671998000106,27.494963684000041],[91.657381633000114,27.479150696000048],[91.680222616000094,27.472846171000029],[91.704923950000079,27.468763733000046],[91.727041463000035,27.460004577000049],[91.727091720806243,27.459941598825708],[91.779554533902285,27.456475265760989],[91.8162322069483,27.461357110076801],[91.856577647298906,27.466238738226711],[91.900590854954132,27.459729852655357],[91.963306112000112,27.468918763000076],[91.975088338000035,27.472432760000018],[92.023597616636778,27.446779847112282],[92.084849081000129,27.304225973000129],[92.088776489000111,27.292340394000078],[92.081851848000042,27.2751321410001],[92.050639283000123,27.251412659000081],[92.036789998000074,27.236478170000012],[92.033172648000118,27.227434794000047],[92.029968710000048,27.208469544000096],[92.027074829000128,27.199839580000074],[92.021493775000124,27.191829733000091],[92.008471314000076,27.179479065000024],[92.005788061569774,27.176112343309967],[92.002993612000068,27.172606100000067],[91.995862264000039,27.158033346000096],[91.990797974000088,27.140773418000023],[91.9879040940001,27.122273255],[91.987697388000129,27.104031474000024],[91.999893026000052,27.071526998000095],[92.049709107000069,27.026826885000062],[92.066969035000056,26.994942526000088],[92.066969035000056,26.994839172000056],[92.083918905000075,26.937323303000127],[92.080370916000049,26.921570891000087],[92.072756795000032,26.88776560500007],[92.035859822000134,26.85484771800013],[91.975088338000035,26.84663116500009],[91.957414998000104,26.85427927700006],[91.925685669000075,26.878670553000106],[91.908219035000059,26.885181784000068],[91.893129517000034,26.881357727000122],[91.895506633000082,26.868283590000075],[91.895506633000082,26.853504131000065],[91.874009237000053,26.844305725000069],[91.885894816000075,26.830869853000095],[91.886928345000058,26.814436747000045],[91.878660116000106,26.803016256000049],[91.863053833000095,26.804773255000029],[91.852408488000094,26.818519185000056],[91.849514608000106,26.834745586000068],[91.843933553000056,26.849370015000133],[91.825123332000089,26.858465068],[91.795254354000065,26.853504131000065],[91.731588989000045,26.816193746000025],[91.702133423000134,26.803481344000076],[91.6537642830001,26.797951965000053],[91.637951295000107,26.798985494000036],[91.593716268000094,26.810767721000062],[91.575629517000095,26.81014760300009],[91.539352662000113,26.798830465000023],[91.520645793000028,26.797590230000068],[91.507416626000065,26.80802887],[91.484472290000099,26.852728984000052],[91.475067179000064,26.865544739000129],[91.460597778000135,26.869368795000057],[91.420186809000029,26.871539205000047],[91.406337524000094,26.869523824000012],[91.388457479000124,26.858465068],[91.378122193000081,26.842807108000059],[91.370060669000111,26.824668681000034],[91.35838179600006,26.806168519],[91.345566040000051,26.794696350000081],[91.33006311000014,26.785497945000074],[91.31321659300005,26.77867665700002],[91.296576782000045,26.774594218000018],[91.27600956200007,26.774077454000079],[91.261953573000028,26.779038392000032],[91.232498006000128,26.795161438000022],[91.198184856000125,26.80234446200005],[91.127078085000107,26.800897522000056],[91.091938111000047,26.804773255000029],[91.062069133000136,26.804566549000057],[91.012780806888713,26.784348086295154],[91.007395468000084,26.782138977000059],[90.944492579668804,26.778869550389402],[90.717077271000107,26.767049459000063],[90.587782838000066,26.780071920000111],[90.475231567000094,26.832420146000047],[90.382627401000036,26.891796367000055],[90.348831014000041,26.89665395100009],[90.328573853000137,26.890659485000057],[90.314207805000137,26.88037587500007],[90.300875285000131,26.868283590000075],[90.284442180000042,26.857069804000034],[90.265993693000041,26.851592103000044],[90.229148397000131,26.852884013000093],[90.210906617000092,26.85148875000003],[90.177420289000054,26.832058410000045],[90.152202189000036,26.771752014000057],[90.127190796000036,26.751391500000111],[90.089156942000102,26.741728008000095],[89.975262085000054,26.73185780900009],[89.912113485000077,26.716716614000077],[89.890409384000066,26.714856262000083],[89.880280802000129,26.716251526000079],[89.859920288000126,26.721884257000099],[89.858700633627279,26.722056524089282],[89.850773559000118,26.723176168000052],[89.84700118000012,26.724829814000103],[89.839043010000125,26.731237691000032],[89.834960571000124,26.731547750000018],[89.82974125100003,26.727620341000048],[89.827674195000043,26.722452698000055],[89.827260783000042,26.717905172000101],[89.826744019000103,26.715683085000094],[89.826795695000101,26.713512675000018],[89.825245402000064,26.70767323900013],[89.82209314000005,26.701006979000041],[89.817287232000126,26.6962010700001],[89.813669882000056,26.696149394000102],[89.804058065000049,26.699766744000087],[89.800078980000137,26.700490214000084],[89.760288127000138,26.700180156],[89.754669662874619,26.70098856786808],[89.738739054000064,26.703280742000047]]]]}},
{"type":"Feature","properties":{"fid":3,"featurecla":"Admin-1 states provinces","scalerank":2,"adm1_code":"BGD-2476","diss_me":2476,"iso_3166_2":"BD-B","wikipedia":null,"iso_a2":"BD","adm0_sr":5,"name":"Chittagong","name_alt":"Chattagram|Parbattya Chattagram|Rangamati","name_local":null,"type":"Bibhag","type_en":"Division","code_local":null,"code_hasc":"BD.CG","note":null,"hasc_maybe":null,"region":null,"region_cod":null,"provnum_ne":1,"gadm_level":1,"check_me":20,"datarank":2,"abbrev":null,"postal":"CG","area_sqkm":0,"sameascity":7,"labelrank":7,"name_len":10,"mapcolor9":7,"mapcolor13":7,"fips":"BG84","fips_alt":"BG","woe_id":2344790,"woe_label":"Chittagong, BD, Bangladesh","woe_name":"Chittagong","latitude":22.4245,"longitude":92.1333,"sov_a3":"BGD","adm0_a3":"BGD","adm0_label":2,"admin":"Bangladesh","geonunit":"Bangladesh","gu_a3":"BGD","gn_id":1337200,"gn_name":"Chittagong","gns_id":217468,"gns_name":"Chittagong Division","gn_level":1,"gn_region":null,"gn_a1_code":"BD.84","region_sub":null,"sub_code":null,"gns_level":1,"gns_lang":"khm","gns_adm1":"BG84","gns_region":null,"min_label":7.7,"max_label":11.0,"min_zoom":7.7,"wikidataid":"Q158087","name_ar":"إقليم شيتاغونغ","name_bn":"চট্টগ্রাম বিভাগ","name_de":"Chittagong","name_en":"Chattogram","name_es":"Chittagong","name_fr":"Chittagong","name_el":"Διαίρεση Τσιταγκόνγκ","name_hi":"चटगाँव उपक्षेत्र","name_hu":"Chittagong","name_id":"Divisi Chittagong","name_it":"divisione di Chittagong","name_ja":"チッタゴン管区","name_ko":"치타공","name_nl":"Chittagong","name_pl":"Ćottogram","name_pt":"Chittagong","name_ru":"Читтагонг","name_sv":"Chittagong","name_tr":"Chittagong İli","name_vi":"Chittagong","name_zh":"吉大港专区","ne_id":1159311751,"name_he":"צ'יטגונג","name_uk":"Читтагонг","name_ur":"چٹاگانگ ڈویژن","name_fa":"استان چیتاگونگ","name_zht":"吉大港專區","FCLASS_ISO":null,"FCLASS_US":null,"FCLASS_FR":null,"FCLASS_RU":null,"FCLASS_ES":null,"FCLASS_CN":null,"FCLASS_TW":null,"FCLASS_IN":null,"FCLASS_NP":null,"FCLASS_PK":null,"FCLASS_DE":null,"FCLASS_GB":null,"FCLASS_BR":null,"FCLASS_IL":null,"FCLASS_PS":null,"FCLASS_SA":null,"FCLASS_EG":null,"FCLASS_MA":null,"FCLASS_PT":null,"FCLASS_AR":null,"FCLASS_JP":null,"FCLASS_KO":null,"FCLASS_VN":null,"FCLASS_TR":null,"FCLASS_ID":null,"FCLASS_PL":null,"FCLASS_GR":null,"FCLASS_IT":null,"FCLASS_NL":null,"FCLASS_SE":null,"FCLASS_BD":null,"FCLASS_UA":null,"FCLASS_TLC":null},"geometry":{"type":"MultiPolygon","coordinates":[[[[89.102305535000028,21.736761786000045],[89.051524285000028,21.793198960000041],[89.051442905000044,21.797105210000041],[89.057790561000047,21.803290106000077],[89.064219597000033,21.822088934000078],[89.06381269600007,21.841457424000055],[89.053721550000034,21.874741929000038],[89.051117384000065,21.890326239000046],[89.044688347000033,21.907782294000071],[89.045664910000028,21.917059637000079],[89.057383660000028,21.917669989000046],[89.061534050000034,21.914943752000056],[89.064952019000032,21.910223700000074],[89.06763756600003,21.904364325000074],[89.07154381600003,21.890326239000046],[89.08130944100003,21.822943427000041],[89.092784050000034,21.793402411000045],[89.115733269000032,21.781154690000051],[89.139008009000065,21.766831773000035],[89.144704623000052,21.739325262000079],[89.13249759200005,21.721625067000048],[89.102305535000028,21.736761786000045]]],[[[90.365489129000082,21.938706773000035],[90.341563347000033,21.860296942000048],[90.332204623000052,21.849514065000051],[90.322927280000044,21.843898830000057],[90.318614129000082,21.846258856000077],[90.318614129000082,21.892808335000041],[90.322520379000082,21.916693427000041],[90.332204623000052,21.938788153000075],[90.354014519000032,21.976752020000049],[90.371429884000065,21.99477773600006],[90.394297722000033,22.000230210000041],[90.390635613000029,21.978257554000038],[90.365489129000082,21.938706773000035]]],[[[90.590830925000034,21.935126044000071],[90.580821160000028,21.912502346000053],[90.572520379000082,21.917669989000046],[90.565603061000047,21.917669989000046],[90.557139519000032,21.897528387000079],[90.540782097000033,21.875921942000048],[90.521250847000033,21.861476955000057],[90.50359134200005,21.862453518000052],[90.50359134200005,21.86985911700009],[90.510752800000034,21.87140534100007],[90.523448113000029,21.875677802000041],[90.531504754000082,21.876695054000038],[90.522959832000083,21.888088283000059],[90.517914259000065,21.893255927000041],[90.510427280000044,21.897853908000059],[90.51693769600007,21.904486395000049],[90.51685631600003,21.912176825000074],[90.515391472000033,21.921291408000059],[90.517832879000082,21.93195221600007],[90.521983269000032,21.938788153000075],[90.526377800000034,21.943589585000041],[90.593516472000033,21.986558335000041],[90.593516472000033,21.966131903000075],[90.59734134200005,21.961330471000053],[90.60084069100003,21.954575914000088],[90.606618686000047,21.938788153000075],[90.590830925000034,21.935126044000071]]],[[[90.431895379000082,21.907782294000071],[90.415537957000083,21.900539455000057],[90.402354363000029,21.90688711100006],[90.394541863000029,21.921454169000071],[90.394297722000033,21.938788153000075],[90.39975019600007,21.952948309000078],[90.406423373000052,21.963364976000037],[90.411875847000033,21.97601959800005],[90.414235873000052,21.997137762000079],[90.411875847000033,22.028713283000059],[90.415537957000083,22.038316148000035],[90.428477410000028,22.048041083000044],[90.43523196700005,22.041205145000049],[90.473317905000044,22.003648179000038],[90.486175977000073,21.976792710000041],[90.476328972000033,21.945013739000046],[90.454844597000033,21.93305084800005],[90.431895379000082,21.907782294000071]]],[[[90.345876498000052,21.99359772300005],[90.35865319100003,22.022691148000035],[90.373871290000068,22.04555898600006],[90.387461785000028,22.048041083000044],[90.381114129000082,22.023098049000055],[90.35279381600003,21.992987372000073],[90.345957879000082,21.972316799000055],[90.339610222000033,21.972316799000055],[90.345876498000052,21.99359772300005]]],[[[90.48560631600003,22.058335679000038],[90.491709832000083,22.080145575000074],[90.503103061000047,22.09634023600006],[90.52084394600007,22.102606512000079],[90.533457879000082,22.110052802000041],[90.560069207000083,22.137681382000039],[90.572520379000082,22.137396552000041],[90.581065300000034,22.148871161000045],[90.592784050000034,22.159409898000035],[90.604502800000034,22.165594794000071],[90.613454623000052,22.164048570000091],[90.593516472000033,22.102606512000079],[90.59343509200005,22.112534898000035],[90.591807488000029,22.119086005000042],[90.586192254000082,22.130560614000046],[90.574554884000065,22.096136786000045],[90.568695509000065,22.058091539000088],[90.559743686000047,22.02374909100007],[90.53834069100003,22.000230210000041],[90.519541863000029,21.994696356000077],[90.50904381600003,21.999416408000059],[90.504649285000028,22.01048411700009],[90.50359134200005,22.024115302000041],[90.508962436000047,22.033148505000042],[90.544444207000083,22.061672268000052],[90.53834069100003,22.068508205000057],[90.49537194100003,22.044989325000074],[90.48991946700005,22.034979559000078],[90.48365319100003,22.034979559000078],[90.48560631600003,22.058335679000038]]],[[[90.509287957000083,22.936997789000088],[90.507578972000033,22.925360419000071],[90.510427280000044,22.918198960000041],[90.51295006600003,22.917059637000079],[90.51685631600003,22.916815497000073],[90.521006707000083,22.915676174000055],[90.524099155000044,22.912014065000051],[90.535980665000068,22.903387762000079],[90.540049675000034,22.896551825000074],[90.534922722000033,22.887152411000045],[90.520030144000032,22.880194403000075],[90.50513756600003,22.881659247000073],[90.490489129000082,22.885199286000045],[90.476328972000033,22.884100653000075],[90.457204623000052,22.861761786000045],[90.448090040000068,22.82843659100007],[90.436045769000032,22.800604559000078],[90.407969597000033,22.794663804000038],[90.424001498000052,22.781683661000045],[90.419932488000029,22.768255927000041],[90.406423373000052,22.763088283000059],[90.394297722000033,22.77484772300005],[90.372569207000083,22.761419989000046],[90.387217644000032,22.751288153000075],[90.415782097000033,22.74249909100007],[90.43523196700005,22.733303127000056],[90.44459069100003,22.751654364000046],[90.461680535000028,22.748846747000073],[90.479014519000032,22.73501211100006],[90.48991946700005,22.720200914000088],[90.492930535000028,22.709906317000048],[90.496755405000044,22.678656317000048],[90.508962436000047,22.646429755000042],[90.512705925000034,22.611476955000057],[90.510020379000082,22.60423411700009],[90.500173373000052,22.592352606000077],[90.491384311000047,22.587836005000042],[90.468597852000073,22.58470286700009],[90.459239129000082,22.579291083000044],[90.453461134000065,22.564195054000038],[90.442149285000028,22.508734442000048],[90.442067905000044,22.493638414000088],[90.44499759200005,22.504136460000041],[90.451182488000029,22.510158596000053],[90.458018425000034,22.514634507000039],[90.462657097000033,22.520982164000088],[90.463552280000044,22.531439520000049],[90.460459832000083,22.551174221000053],[90.462657097000033,22.56195709800005],[90.472504102000073,22.575588283000059],[90.487315300000034,22.583726304000038],[90.50513756600003,22.58624909100007],[90.524099155000044,22.583075262000079],[90.559743686000047,22.562323309000078],[90.57781009200005,22.533677476000037],[90.589691602000073,22.500433661000045],[90.606618686000047,22.465765692000048],[90.591319207000083,22.470526434000078],[90.586192254000082,22.473211981000077],[90.586436394000032,22.450588283000059],[90.593597852000073,22.432318427000041],[90.613454623000052,22.396877346000053],[90.61841881600003,22.376654364000046],[90.619313998000052,22.355902411000045],[90.613454623000052,22.314886786000045],[90.581553582000083,22.238226630000042],[90.55795332100007,22.203355210000041],[90.53834069100003,22.198879299000055],[90.511729363000029,22.185288804000038],[90.501149936000047,22.176703192000048],[90.496755405000044,22.167792059000078],[90.494395379000082,22.154242255000042],[90.488291863000029,22.138617255000042],[90.459646030000044,22.091945705000057],[90.450043165000068,22.08079661700009],[90.438649936000047,22.075995184000078],[90.42546634200005,22.07884349200009],[90.408457879000082,22.085923570000091],[90.39380944100003,22.094712632000039],[90.387461785000028,22.102606512000079],[90.393239780000044,22.127386786000045],[90.417491082000083,22.175034898000035],[90.421641472000033,22.198879299000055],[90.410004102000073,22.22728099200009],[90.407969597000033,22.240423895000049],[90.414073113000029,22.27179596600007],[90.410899285000028,22.284247137000079],[90.394297722000033,22.288234768000052],[90.398692254000082,22.267482815000051],[90.388682488000029,22.223211981000077],[90.390879754000082,22.208807684000078],[90.399099155000044,22.202215887000079],[90.40552819100003,22.19953034100007],[90.410492384000065,22.195705471000053],[90.414235873000052,22.185777085000041],[90.412852410000028,22.17804596600007],[90.408213738000029,22.171210028000075],[90.400563998000052,22.164048570000091],[90.399180535000028,22.162339585000041],[90.397146030000044,22.160630601000037],[90.395192905000044,22.157212632000039],[90.392588738000029,22.143011786000045],[90.388682488000029,22.143459377000056],[90.383799675000034,22.145738023000035],[90.380056186000047,22.143622137000079],[90.377126498000052,22.133612372000073],[90.373789910000028,22.102606512000079],[90.369883660000028,22.089829820000091],[90.365733269000032,22.081203518000052],[90.347422722000033,22.05532461100006],[90.334727410000028,22.041815497000073],[90.332204623000052,22.038072007000039],[90.327891472000033,22.020493882000039],[90.308604363000029,21.984035549000055],[90.30437259200005,21.965765692000048],[90.299978061000047,21.927679755000042],[90.29070071700005,21.890326239000046],[90.28288821700005,21.870794989000046],[90.27271569100003,21.857407945000091],[90.217621290000068,21.813462632000039],[90.203786655000044,21.804592190000051],[90.18482506600003,21.800970770000049],[90.164398634000065,21.804266669000071],[90.126800977000073,21.818793036000045],[90.10906009200005,21.822088934000078],[90.092946811000047,21.830267645000049],[90.088552280000044,21.846747137000079],[90.09538821700005,21.859442450000074],[90.112478061000047,21.856268622000073],[90.104991082000083,21.870266018000052],[90.110850457000083,21.880113023000035],[90.120860222000033,21.88930898600006],[90.12623131600003,21.901190497000073],[90.124522332000083,21.909735419000071],[90.121836785000028,21.915350653000075],[90.121348504000082,21.921576239000046],[90.12623131600003,21.93195221600007],[90.116221550000034,21.919338283000059],[90.098480665000068,21.878607489000046],[90.088877800000034,21.86985911700009],[90.07935631600003,21.866929429000038],[90.066905144000032,21.853420315000051],[90.05787194100003,21.849351304000038],[90.049327019000032,21.85101959800005],[90.036306186000047,21.861151434000078],[90.024424675000034,21.862453518000052],[90.031260613000029,21.889227606000077],[90.033946160000028,21.943548895000049],[90.044932488000029,21.966131903000075],[90.054209832000083,21.97337474200009],[90.06576582100007,21.979885158000059],[90.077159050000034,21.987982489000046],[90.085785352000073,22.000230210000041],[90.090586785000028,22.015448309000078],[90.092539910000028,22.02798086100006],[90.095957879000082,22.040106512000079],[90.105642123000052,22.054266669000071],[90.146739129000082,22.089016018000052],[90.15162194100003,22.094875393000052],[90.158864780000044,22.106919664000088],[90.164073113000029,22.113226630000042],[90.172862175000034,22.117010809000078],[90.181813998000052,22.114813544000071],[90.189707879000082,22.110825914000088],[90.195078972000033,22.109523830000057],[90.21615644600007,22.123236395000049],[90.23170006600003,22.145656643000052],[90.239105665000068,22.172267971000053],[90.236094597000033,22.198879299000055],[90.218272332000083,22.15570709800005],[90.205821160000028,22.132961330000057],[90.191661004000082,22.123114325000074],[90.164805535000028,22.119818427000041],[90.148285352000073,22.11078522300005],[90.088877800000034,22.051174221000053],[90.081797722000033,22.041001695000091],[90.073741082000083,22.019232489000046],[90.061045769000032,22.000799872000073],[90.05795332100007,21.993719794000071],[90.05241946700005,21.98899974200009],[90.038096550000034,21.986558335000041],[90.028168165000068,21.988104559000078],[89.996348504000082,22.000230210000041],[90.002126498000052,22.014105536000045],[90.00318444100003,22.029364325000074],[90.010752800000034,22.041205145000049],[90.020192905000044,22.048814195000091],[90.02898196700005,22.052964585000041],[90.035411004000082,22.059800523000035],[90.038096550000034,22.075344143000052],[90.034678582000083,22.105169989000046],[90.039073113000029,22.116278387000079],[90.042735222000033,22.131252346000053],[90.05209394600007,22.141099351000037],[90.063243035000028,22.145738023000035],[90.072601759000065,22.152044989000046],[90.078379754000082,22.164048570000091],[90.052582227000073,22.155462958000044],[90.040049675000034,22.138088283000059],[90.024424675000034,22.089016018000052],[90.015391472000033,22.077866929000038],[89.988536004000082,22.05304596600007],[89.982758009000065,22.044623114000046],[89.985199415000068,21.999416408000059],[89.982758009000065,21.986558335000041],[89.967784050000034,21.974554755000042],[89.949717644000032,21.980902411000045],[89.934418165000068,21.997707424000055],[89.928233269000032,22.017279364000046],[89.926280144000032,22.027167059000078],[89.917491082000083,22.049872137000079],[89.914561394000032,22.061672268000052],[89.912364129000082,22.135565497000073],[89.903086785000028,22.176906643000052],[89.900889519000032,22.201971747000073],[89.898285352000073,22.21165599200009],[89.885508660000028,22.230617580000057],[89.880381707000083,22.240423895000049],[89.87663821700005,22.253485419000071],[89.875336134000065,22.26398346600007],[89.876800977000073,22.274725653000075],[89.880381707000083,22.288234768000052],[89.900157097000033,22.333929755000042],[89.982758009000065,22.445257880000042],[89.988291863000029,22.45774974200009],[89.991953972000033,22.469875393000052],[89.997894727000073,22.480861721000053],[90.010101759000065,22.490220445000091],[89.982758009000065,22.473211981000077],[89.979502800000034,22.470078843000067],[89.947438998000052,22.439683335000041],[89.933604363000029,22.423529364000046],[89.928233269000032,22.407700914000088],[89.920420769000032,22.391831773000035],[89.903086785000028,22.396429755000042],[89.872894727000073,22.41860586100006],[89.874847852000073,22.397650458000044],[89.88054446700005,22.380601304000038],[89.88412519600007,22.363511460000041],[89.880381707000083,22.342230536000045],[89.838715040000068,22.267767645000049],[89.85084069100003,22.246527411000045],[89.861338738000029,22.211004950000074],[89.872894727000073,22.143622137000079],[89.87427819100003,22.10883209800005],[89.871348504000082,22.091864325000074],[89.86296634200005,22.079046942000048],[89.846202019000032,22.07062409100007],[89.831553582000083,22.071966864000046],[89.816172722000033,22.075995184000078],[89.797211134000065,22.075995184000078],[89.797211134000065,22.068508205000057],[89.818369988000029,22.060044664000088],[89.835948113000029,22.04946523600006],[89.847911004000082,22.033880927000041],[89.852386915000068,22.010443427000041],[89.851084832000083,22.000881252000056],[89.845957879000082,21.982896226000037],[89.846202019000032,21.972316799000055],[89.850271030000044,21.963120835000041],[89.863780144000032,21.943304755000042],[89.871836785000028,21.924261786000045],[89.881602410000028,21.912990627000056],[89.887217644000032,21.900091864000046],[89.880381707000083,21.884182033000059],[89.873220248000052,21.88157786700009],[89.85092207100007,21.877508856000077],[89.825205925000034,21.856268622000073],[89.81959069100003,21.849554755000042],[89.81763756600003,21.844916083000044],[89.814219597000033,21.840806382000039],[89.804698113000029,21.835760809000078],[89.78638756600003,21.828924872000073],[89.775726759000065,21.82758209800005],[89.77116946700005,21.83234284100007],[89.765879754000082,21.846747137000079],[89.753428582000083,21.843898830000057],[89.738454623000052,21.834418036000045],[89.72584069100003,21.828924872000073],[89.709157748000052,21.830064195000091],[89.690440300000034,21.833726304000038],[89.673350457000083,21.840073960000041],[89.661306186000047,21.849351304000038],[89.656911655000044,21.857123114000046],[89.653168165000068,21.867743231000077],[89.652598504000082,21.878851630000042],[89.66334069100003,21.896307684000078],[89.661306186000047,21.905829169000071],[89.646983269000032,21.925116278000075],[89.618988477000073,21.86985911700009],[89.630381707000083,21.851467190000051],[89.64975019600007,21.826361395000049],[89.672048373000052,21.804266669000071],[89.692067905000044,21.794826565000051],[89.700694207000083,21.784857489000046],[89.689952019000032,21.765204169000071],[89.668223504000082,21.750881252000056],[89.643565300000034,21.756903387000079],[89.631521030000044,21.764064846000053],[89.62037194100003,21.764349677000041],[89.595469597000033,21.759995835000041],[89.592784050000034,21.754380601000037],[89.603770379000082,21.727687893000052],[89.605967644000032,21.71906159100007],[89.586924675000034,21.700832424000055],[89.56568444100003,21.713364976000037],[89.537119988000029,21.753810940000051],[89.538910352000073,21.771470445000091],[89.527354363000029,21.81281159100007],[89.530284050000034,21.835760809000078],[89.53834069100003,21.848618882000039],[89.556895379000082,21.868801174000055],[89.564463738000029,21.884182033000059],[89.56763756600003,21.90070221600007],[89.563487175000034,21.973130601000037],[89.571299675000034,22.031236070000091],[89.576670769000032,22.051703192000048],[89.600596550000034,22.09125397300005],[89.605967644000032,22.113226630000042],[89.602549675000034,22.134507554000038],[89.593760613000029,22.155422268000052],[89.58139082100007,22.174058335000041],[89.567881707000083,22.18891022300005],[89.567230665000068,22.202826239000046],[89.597911004000082,22.240301825000074],[89.605967644000032,22.256903387000079],[89.60710696700005,22.278265692000048],[89.61060631600003,22.298895575000074],[89.616953972000033,22.318426825000074],[89.626475457000083,22.336004950000074],[89.615489129000082,22.328273830000057],[89.606211785000028,22.315619208000044],[89.592458530000044,22.288234768000052],[89.580821160000028,22.277248440000051],[89.577159050000034,22.268500067000048],[89.586192254000082,22.245428778000075],[89.580332879000082,22.236761786000045],[89.561045769000032,22.223089911000045],[89.549164259000065,22.205267645000049],[89.550303582000083,22.19212474200009],[89.571299675000034,22.157904364000046],[89.576345248000052,22.145493882000039],[89.578786655000044,22.135891018000052],[89.57935631600003,22.113226630000042],[89.576996290000068,22.101263739000046],[89.566742384000065,22.082098700000074],[89.564463738000029,22.072211005000042],[89.556488477000073,22.00844961100006],[89.551442905000044,21.994045315000051],[89.53288821700005,21.98468659100007],[89.52475019600007,22.000148830000057],[89.523448113000029,22.044623114000046],[89.526133660000028,22.055121161000045],[89.53646894600007,22.075832424000055],[89.537119988000029,22.089016018000052],[89.492035352000073,22.188381252000056],[89.489431186000047,22.208807684000078],[89.494151238000029,22.253566799000055],[89.493011915000068,22.273504950000074],[89.483164910000028,22.295070705000057],[89.475759311000047,22.295070705000057],[89.467458530000044,22.228989976000037],[89.475759311000047,22.102606512000079],[89.483164910000028,22.102606512000079],[89.48406009200005,22.116685289000088],[89.488780144000032,22.129584052000041],[89.494151238000029,22.136867580000057],[89.496836785000028,22.133978583000044],[89.498220248000052,22.12531159100007],[89.501719597000033,22.113104559000078],[89.506846550000034,22.10101959800005],[89.51295006600003,22.09243398600006],[89.518321160000028,22.081000067000048],[89.517425977000073,22.066473700000074],[89.50912519600007,22.041205145000049],[89.504161004000082,22.036688544000071],[89.49187259200005,22.034572658000059],[89.489431186000047,22.031236070000091],[89.490407748000052,22.023993231000077],[89.492686394000032,22.019191799000055],[89.496836785000028,22.013861395000049],[89.500498894000032,22.00259023600006],[89.512705925000034,21.978094794000071],[89.520030144000032,21.969183661000045],[89.521820509000065,21.962307033000059],[89.512543165000068,21.909125067000048],[89.502289259000065,21.897528387000079],[89.489105665000068,21.888373114000046],[89.475759311000047,21.876695054000038],[89.464610222000033,21.859198309000078],[89.463633660000028,21.845038153000075],[89.467051629000082,21.828599351000037],[89.469493035000028,21.804388739000046],[89.465830925000034,21.781317450000074],[89.456228061000047,21.762396552000041],[89.44271894600007,21.746649481000077],[89.406423373000052,21.717352606000077],[89.395192905000044,21.716376044000071],[89.369639519000032,21.743312893000052],[89.364268425000034,21.758205471000053],[89.362803582000083,21.78384023600006],[89.365896030000044,21.828924872000073],[89.371267123000052,21.847154039000088],[89.384287957000083,21.877834377000056],[89.386973504000082,21.901190497000073],[89.382660352000073,21.92133209800005],[89.364024285000028,21.955064195000091],[89.359629754000082,21.972316799000055],[89.352224155000044,21.972316799000055],[89.345957879000082,21.957017320000091],[89.348806186000047,21.944159247000073],[89.355235222000033,21.931626695000091],[89.359629754000082,21.917669989000046],[89.359629754000082,21.901678778000075],[89.355967644000032,21.892523505000042],[89.33912194100003,21.876695054000038],[89.328868035000028,21.864650783000059],[89.322601759000065,21.854641018000052],[89.306162957000083,21.817613023000035],[89.301280144000032,21.809393622000073],[89.29623457100007,21.809068101000037],[89.29070071700005,21.822088934000078],[89.283946160000028,21.822088934000078],[89.28443444100003,21.796820380000042],[89.294688347000033,21.757798570000091],[89.29070071700005,21.733343817000048],[89.273692254000082,21.698797919000071],[89.27662194100003,21.687567450000074],[89.297536655000044,21.678127346000053],[89.285899285000028,21.665594794000071],[89.268728061000047,21.653998114000046],[89.248708530000044,21.645900783000059],[89.229258660000028,21.643947658000059],[89.210459832000083,21.654120184000078],[89.20443769600007,21.672674872000073],[89.20826256600003,21.690619208000044],[89.218597852000073,21.698553778000075],[89.220713738000029,21.709418036000045],[89.189707879000082,21.791245835000041],[89.188243035000028,21.799709377000056],[89.187673373000052,21.811509507000039],[89.183360222000033,21.815619208000044],[89.174082879000082,21.810044664000088],[89.164561394000032,21.800197658000059],[89.160411004000082,21.79132721600007],[89.154551629000082,21.786851304000038],[89.141286655000044,21.790228583000044],[89.119395379000082,21.800970770000049],[89.10906009200005,21.809515692000048],[89.104665561000047,21.81586334800005],[89.079925977000073,21.897406317000048],[89.07781009200005,21.914252020000049],[89.080414259000065,21.934881903000075],[89.09107506600003,21.976792710000041],[89.09148196700005,22.000230210000041],[89.084239129000082,22.021185614000046],[89.062022332000083,22.049505927000041],[89.057383660000028,22.06509023600006],[89.063487175000034,22.111029364000046],[89.060394727000073,22.129868882000039],[89.060692587000062,22.130484925000076],[89.078159220000089,22.150845439000122],[89.076195517000087,22.175030009000082],[89.070717814000091,22.194822083000062],[89.062294555000108,22.211565247000109],[89.018627971000114,22.26468861900004],[89.009119507000037,22.285617575000046],[89.023537231000034,22.294815979000035],[89.006949097000131,22.321429342000059],[89.001523071000065,22.333676656000094],[88.989585816000044,22.386903382000057],[88.989482463000115,22.396670227000115],[88.992169637000131,22.406953837000103],[89.000747925000042,22.420131328000068],[89.00250492300006,22.427986145000105],[88.998370809000107,22.45124053900004],[88.979974,22.490928039000025],[88.97098230000006,22.527928365000079],[88.95904504400005,22.536816711000071],[88.927987509000104,22.54813385000007],[88.950311727000042,22.561983134000016],[88.956409546000032,22.584979146000066],[88.952017049000119,22.611902568000076],[88.942353557000104,22.637482402000032],[88.930002889000036,22.658618063000077],[88.925920451000138,22.680838928000114],[88.922509806000107,22.693706360000121],[88.910572551000087,22.722593486000065],[88.908143758000108,22.740783590000021],[88.914965048000056,22.754400330000109],[88.926230510000039,22.767035218000032],[88.936875855000096,22.782331441000096],[88.941216675000078,22.795663961000017],[88.945144084000049,22.815094300000098],[88.946797730000128,22.834524638000076],[88.944523966000077,22.848012187000037],[88.933103475000109,22.858114929000081],[88.905146526000067,22.866434835000049],[88.893467652000083,22.879638164000127],[88.872176961000036,22.926767070000054],[88.861738322000065,22.942399190000074],[88.842773071000124,22.964568380000017],[88.838793987000088,22.975808004000058],[88.839414103000138,22.995367534000067],[88.848715861000073,23.023841248000011],[88.851299683000036,23.075130107000049],[88.86478723200014,23.100270691000091],[88.919099162000066,23.153859152000038],[88.945867554000074,23.174348857000027],[88.954704224000068,23.183805644000088],[88.959820191000063,23.19445098900006],[88.959975220000103,23.202693380000099],[88.954239136000126,23.207421773000092],[88.926953980000121,23.206517436000055],[88.918065633000083,23.208584493],[88.909642375000033,23.212434388000062],[88.83962080900011,23.234810283000044],[88.822670939000091,23.237962545000087],[88.809545125000113,23.236050517000066],[88.800966838000079,23.230753683000032],[88.794197225000062,23.224965922000067],[88.786187378000079,23.221529439000037],[88.775697063000109,23.221632792000051],[88.710016317000054,23.241218160000088],[88.696580445000109,23.252354432000104],[88.686606893000032,23.271603902000024],[88.685935100000052,23.293308004000025],[88.695030151000083,23.312609152000064],[88.719266398000059,23.348291728000063],[88.767893921000109,23.467276713],[88.770167684000114,23.488825786000049],[88.756835165000098,23.498799337000051],[88.74370935100012,23.489316711000086],[88.731927124000038,23.472625224000055],[88.719421428000032,23.468103536000015],[88.704641968000033,23.495181986000077],[88.693789917000061,23.499807028000035],[88.664489380000077,23.518307190000073],[88.647642864000034,23.535076193000023],[88.624233440000069,23.573859355000067],[88.609247274000097,23.588793844000023],[88.601289104000045,23.590344137000031],[88.581548706000092,23.588328756000081],[88.571420126000135,23.592333679000077],[88.561704956000085,23.602023010000025],[88.561084839000102,23.608611756000087],[88.564392131000091,23.616208191000069],[88.566355835000138,23.628739726000063],[88.56123986800003,23.632486268],[88.550956258000042,23.634424134000099],[88.54155114800011,23.638764954000081],[88.540104208000116,23.649952901000049],[88.561188192000031,23.741006775000059],[88.559741252000038,23.750282695000081],[88.552506551000079,23.765423890000093],[88.55271325700005,23.774984029],[88.557674194000072,23.785681051000026],[88.572350302000075,23.806894226000068],[88.577517945000068,23.818521424000025],[88.577621297000121,23.827616476000102],[88.575450887000102,23.836556499000025],[88.574365682000121,23.845625712000086],[88.577621297000121,23.855160014000077],[88.593589315000031,23.866916402000086],[88.613174683000068,23.867846578000027],[88.633948609000072,23.866141256000063],[88.653120565000108,23.869784445000064],[88.666504761000056,23.879499614000011],[88.704435262000061,23.913709412000102],[88.714150431000064,23.925155742000115],[88.717147665000027,23.943139140000099],[88.714357137000036,23.964403992000072],[88.708362671000032,23.983550110000081],[88.701593058000071,23.995280660000063],[88.713840373000096,24.014685161000031],[88.725467570000092,24.028896179000085],[88.725002482000036,24.038378805000079],[88.70092126500009,24.043649801000086],[88.697820679000074,24.05625885000002],[88.679010457000061,24.071219178],[88.674101197000027,24.082639669000102],[88.675393107000048,24.09183807400008],[88.681800985000109,24.112663676000054],[88.682989543000133,24.124290873000021],[88.678286988000139,24.144651388000042],[88.678080281000064,24.154289043000077],[88.683764689000043,24.166536356000094],[88.693789917000061,24.175321351000079],[88.715907430000073,24.182917786000033],[88.73145573469435,24.189771315493772],[88.731617066000126,24.189842428000119],[88.734821004000082,24.198420715000069],[88.746396525000137,24.21407867500001],[88.749807170000054,24.223251242000103],[88.747481730000061,24.226971945000017],[88.744949585000086,24.243379212000079],[88.743037557000036,24.24753916500002],[88.737508179000031,24.28709747300006],[88.714563843000121,24.315416158000048],[88.681800985000109,24.333890483000076],[88.660148560000039,24.338257141000057],[88.649503215000038,24.315364482000021],[88.634517050000056,24.294125468000047],[88.612451213000043,24.292885234000025],[88.563100219000034,24.308207296000077],[88.49834965000008,24.310971985000052],[88.475405314000113,24.315467835000064],[88.401301311000111,24.369418030000119],[88.13878503400008,24.495250143000092],[88.109949585000038,24.50098622700007],[88.10793420400006,24.507962545000069],[88.098787476000098,24.522483623000099],[88.090002483000035,24.532999777000057],[88.086023397000133,24.536720480000085],[88.084989868000036,24.541733093000047],[88.084989868000036,24.593874614000086],[88.081837606000079,24.599869080000033],[88.067264852000051,24.613666687000077],[88.057239624000033,24.634104716000039],[88.040909872000043,24.640435079000056],[88.021789592000061,24.645602722000049],[88.02716394100014,24.675730082000044],[88.035432169000103,24.69381683400006],[88.048454631000141,24.711205953000089],[88.053208862000133,24.754975891000086],[88.064267619000134,24.759161682000112],[88.076980022000043,24.761177063000062],[88.084008016000098,24.770452983000084],[88.085351604000039,24.784018046000071],[88.088245483000037,24.796136170000054],[88.094808390000082,24.803112488000053],[88.107779175000132,24.801097107000103],[88.117390991000036,24.819261373000032],[88.131240275000039,24.831767070000055],[88.140955445000031,24.844582825000103],[88.138061564000054,24.863496399000056],[88.124935751000123,24.898145447000061],[88.120336548000068,24.906775411000027],[88.114910522000059,24.912020569000035],[88.114910522000059,24.916413066000032],[88.164519897000048,24.941114400000046],[88.183020061000093,24.946979675000037],[88.202450399000043,24.945300191000072],[88.21878015100009,24.935145772000041],[88.232836141000121,24.918273417000037],[88.241879517000086,24.898765564000044],[88.242758016000039,24.880601299000105],[88.25485030100009,24.879955343000049],[88.296811564000109,24.86969757100006],[88.313606405000087,24.868302307000064],[88.322753134000038,24.874684347000098],[88.340891561000092,24.904139913],[88.375669800000139,24.945610251000076],[88.387865438000063,24.968761292000053],[88.391017701000067,24.995090434000119],[88.414117065000084,25.021522929000085],[88.425795939000068,25.051056010000124],[88.43416752100012,25.11665924100005],[88.431480347000104,25.173038229000056],[88.441298869000036,25.189729716],[88.475405314000113,25.195104065000052],[88.491838420000079,25.191124980000083],[88.523154338000097,25.179807841000112],[88.550026082000102,25.173141582000099],[88.554676961000041,25.171126201000035],[88.559379516000035,25.170764466000051],[88.57069665500012,25.173244935000028],[88.57772465000005,25.177482401000063],[88.590126994000116,25.190143127000013],[88.599118693000037,25.193140361000033],[88.634258667000097,25.19226186200008],[88.66459273300012,25.186887512000041],[88.724537394000038,25.166475322000068],[88.784223673000042,25.16094594400009],[88.792336874000057,25.166578675000025],[88.802517131000116,25.188127747000053],[88.809131714000102,25.195259094],[88.817089885000087,25.19680938700013],[88.823601115000031,25.194845683],[88.830215699000121,25.191331686000026],[88.898635295000133,25.169317526000057],[88.924163452000073,25.167870585000074],[88.909642375000033,25.189161275000046],[88.927884156000061,25.192726949000118],[88.930778036000049,25.202648825000026],[88.927987509000104,25.215929667000026],[88.929072713000096,25.229417216000073],[88.937754354000049,25.240165914],[88.975323120000041,25.265228984000103],[88.982351115000085,25.274892477000051],[88.984934937000048,25.284969381000067],[88.982712850000041,25.29447784400007],[88.975323119566269,25.302642720685014],[88.926488892000066,25.300472310000075],[88.902872762000072,25.303417867000078],[88.886129598000139,25.319075826000059],[88.880186808000076,25.323468323000029],[88.859257854000134,25.324708557000079],[88.849025920000031,25.327189026000056],[88.841997925000044,25.332821757000076],[88.818330119000109,25.359641826000072],[88.814040976000058,25.370390524000086],[88.813265828000112,25.380054016000102],[88.810371948000125,25.388425598000097],[88.799623250000138,25.39560862300003],[88.799313192000056,25.401706442000105],[88.816314738000074,25.437208151000036],[88.814919475000067,25.458602193000061],[88.805824422000114,25.471676331000097],[88.793112020000137,25.481959941000085],[88.780968058000042,25.495189108000105],[88.772338095000123,25.501958720000047],[88.741952352000055,25.51275909400006],[88.742572469000038,25.495189108000105],[88.732650595000109,25.49100331700005],[88.723142131000031,25.491416728000061],[88.714150431000064,25.492811992000057],[88.706192261000126,25.491675110000031],[88.695650269000055,25.483613586000061],[88.687071981000031,25.473898417000029],[88.678080281000064,25.465888570000047],[88.666349732000128,25.462891338000119],[88.645420776000037,25.467335510000041],[88.613174683000068,25.486404114000024],[88.593589315000031,25.495085755000062],[88.550956258000042,25.49648101800004],[88.530285686000127,25.500201721000067],[88.520467164000081,25.50929677400002],[88.512767375000067,25.523714498000047],[88.485585571000115,25.542628072000085],[88.475405314000113,25.56257517600001],[88.437784872000123,25.579835104],[88.423780559000079,25.592237447000073],[88.419439738000108,25.653784078000072],[88.392981404000125,25.680759176000024],[88.320272665000061,25.725252584000103],[88.259914592000086,25.789021301000034],[88.227461793000032,25.80426584900006],[88.182710002000078,25.792431946000065],[88.166225220000115,25.783646953000058],[88.146433146000049,25.775740458000129],[88.127726278000068,25.77491363500009],[88.114910522000059,25.787264303000043],[88.108037557000102,25.806281230000124],[88.103335002000051,25.814807841000047],[88.087573690000056,25.830982564000024],[88.087573690000056,25.839974264000077],[88.088968954000052,25.84865590400004],[88.08204431200005,25.863848776000069],[88.074396200000081,25.908135478000091],[88.077393433000054,25.912786357000059],[88.082664429000033,25.915938619000102],[88.088038778000055,25.923224996],[88.106538940000121,25.97996571900002],[88.125865926000074,26.013400371],[88.151032349000104,26.031332093000074],[88.157905314000061,26.050452373000056],[88.156406698000069,26.061407776000053],[88.15098067200006,26.066988830000057],[88.144779500000084,26.070502828000102],[88.141162150000127,26.075463766000055],[88.139921916000048,26.085333964000043],[88.141368856000042,26.090501607000036],[88.144469442000116,26.095875957000104],[88.155631551000056,26.128483785000057],[88.163796428000069,26.140472717000122],[88.196921021000037,26.159644674000035],[88.205654338000045,26.16641428700008],[88.211958863000064,26.173752340000064],[88.218883505000122,26.180160217000022],[88.229787232000092,26.184035950000052],[88.250302776000069,26.188015035000049],[88.308697144000121,26.206101787000065],[88.326267131000122,26.215920309000026],[88.334535360000132,26.230803121000079],[88.33293339100004,26.267235006000064],[88.336602417000108,26.281807760000035],[88.351691936000122,26.300979717000033],[88.366781454000034,26.313433736000022],[88.413807007000059,26.340202129000076],[88.421196737000116,26.348728740000112],[88.426002645000096,26.35792714500009],[88.431687053000132,26.362216289000074],[88.442022339000061,26.356118470000112],[88.448636922000048,26.353431295000078],[88.457990356000096,26.353017883000078],[88.46791223200006,26.354051412000061],[88.475405314000113,26.355808411000041],[88.497626181000044,26.352707825],[88.495455770000092,26.378080953000094],[88.475405314000113,26.432031148000036],[88.461142619000043,26.453890280000067],[88.434580932000131,26.465155741000032],[88.376910035000037,26.475335999000023],[88.353552287000127,26.484586080000028],[88.346524292000083,26.484017639000072],[88.343010294000067,26.477196351000103],[88.340219767000065,26.454148662000065],[88.335620565000056,26.448205872000031],[88.322546427000077,26.451771546000103],[88.315105021000079,26.465052389],[88.313864787000057,26.481537170000095],[88.319342489000121,26.494869690000101],[88.332364950000056,26.514661764],[88.352828817000045,26.578688864000085],[88.360270223000043,26.593106588000111],[88.372517537000078,26.611606751000025],[88.385281617000032,26.623544007000064],[88.39437666800012,26.618014628000068],[88.395926961000043,26.599566142000057],[88.394996786000092,26.578378805000014],[88.39789066600008,26.558690084000048],[88.411016480000114,26.545099182000072],[88.446466512000086,26.535539043000071],[88.462382853000065,26.528821106000052],[88.475405314000113,26.514971823000067],[88.487911011000108,26.505773418000089],[88.498659709000037,26.494869690000101],[88.506824585000061,26.487634989000057],[88.526823364000109,26.475387676000125],[88.549767700000132,26.466654358000042],[88.557984253000086,26.465724182000102],[88.579171590000044,26.466034241000088],[88.591160522000052,26.461228333000079],[88.597878459000071,26.451461487000117],[88.603562867000051,26.440196025000049],[88.611521037000102,26.43084259100003],[88.622373088000074,26.424538066000096],[88.633018433000132,26.4200938930001],[88.656272827000066,26.415132955000061],[88.651932007000084,26.407071432000052],[88.649864950000051,26.398389791000099],[88.652242066000099,26.391516826000029],[88.661078736000093,26.388881328000124],[88.668520142000091,26.385729065000064],[88.66743493700011,26.36815907800009],[88.673377727000116,26.360717672000064],[88.696270386000037,26.350279032000046],[88.709706259000086,26.34061554],[88.712238403000072,26.328264872000048],[88.702988322000067,26.309661357],[88.690120891000049,26.299842835000035],[88.653275594000036,26.283099671000073],[88.645834188000038,26.276019999000042],[88.663404175000096,26.26444447900009],[88.747946818000059,26.292504782000023],[88.78401696800006,26.27994740900003],[88.792026815000042,26.264599508000046],[88.798486369000102,26.247649638000055],[88.807994832000077,26.233438619000069],[88.824841349000053,26.226565654000112],[88.840654338000093,26.232043355000101],[88.855640504000121,26.2651162720001],[88.875794311000107,26.277363586000021],[88.902717733000031,26.272919414000015],[88.946849406000126,26.232921855000043],[88.975323120000041,26.22434356700002],[89.019454793000136,26.234472148000052],[89.03971195500003,26.247184550000028],[89.034337606000065,26.26578806600007],[89.023537231000034,26.268836975000099],[89.011599976000127,26.269198711000101],[89.004365275000055,26.275709941000073],[89.007982626000114,26.29715566],[88.998629192000067,26.291522929000067],[88.989689169000087,26.289404195000074],[88.981730998000103,26.291832987000063],[88.975323120000041,26.29994618800005],[88.966021362000049,26.328471578000105],[88.941216675000078,26.340098775000072],[88.912432902000091,26.348935445000066],[88.891865682000059,26.368779196000062],[88.891245565000133,26.385780741000062],[88.899462118000031,26.404487610000061],[88.911967814000036,26.421230774000023],[88.924576864000073,26.432134501000078],[88.941009969000049,26.439420878000064],[88.950156697000125,26.436940410000076],[88.959303427000123,26.428568828],[88.975323120000041,26.417871806000093],[88.986536906000083,26.4127041630001],[89.001781454000138,26.397149557000077],[89.010876505000113,26.390173239000077],[89.021780233000072,26.386245829000089],[89.043742717000043,26.381078186000096],[89.052631063000035,26.374618632000036],[89.057281942000031,26.362629700000085],[89.054078003000029,26.353948059000018],[89.055214885000055,26.347023417000045],[89.071854696000059,26.34061554],[89.09572920800008,26.33451772100004],[89.102912232000108,26.327334696],[89.103532349000091,26.313692118000077],[89.09479903200014,26.309506327000051],[89.080329631000097,26.315604146000013],[89.068857462000096,26.314260559000033],[89.069425903000138,26.287388815000057],[89.075885457000084,26.271059062000106],[89.095884237000121,26.24103505500004],[89.10337732000005,26.225170390000031],[89.111697225000114,26.164502259000059],[89.119190308000043,26.1466222130001],[89.131592651000119,26.133754781],[89.197841837000112,26.107709859000025],[89.212621298000045,26.098976543000063],[89.223059936000084,26.086574198000065],[89.22926110800006,26.067195537000103],[89.237632690000112,26.058100484000036],[89.272979371000133,26.043476054000067],[89.296905558000049,26.018154603000099],[89.315147339000077,26.006785787000084],[89.335301147000052,25.998569235000062],[89.351475871000048,25.996863912000023],[89.367753947000097,26.005442200000047],[89.379742879000048,26.015312399000024],[89.391421753000031,26.015467428000065],[89.406614625000032,25.995055237000102],[89.411265503000095,25.993194885000023],[89.41612308700013,25.992626444000066],[89.42118737800007,25.993194885000023],[89.42635502100012,25.994951884000088],[89.426406697000118,25.995055237000102],[89.480615275000048,25.999241028000043],[89.485627890000103,25.998724263000028],[89.490640503000066,25.997329],[89.495343059000049,25.995055237000102],[89.509450725000079,25.972627665000019],[89.51818404200003,25.962085674000051],[89.52841597500003,25.957124735000022],[89.541696819000038,25.959708558],[89.549086548000048,25.968855286000078],[89.551825399000109,25.981516012000029],[89.550688517000083,25.995055237000102],[89.559163452000064,26.02223704],[89.602881714000091,26.055258280000075],[89.611356649000072,26.072208150000066],[89.603863567000133,26.084662171000062],[89.590789429000097,26.085023906000046],[89.576940145000037,26.082646790000112],[89.567018270000119,26.087090963000023],[89.566914917000076,26.098976543000063],[89.577870321000091,26.107244771000083],[89.592546428000048,26.113962708000102],[89.604225301000042,26.120732320000073],[89.585776815000031,26.122902731000053],[89.569395386000053,26.130085754],[89.562780803000066,26.142591452000104],[89.573426148000067,26.160729879000129],[89.579937378000125,26.166104228000094],[89.586758667000083,26.169204814000025],[89.593993368000042,26.169721578000079],[89.614405558000101,26.164192200000073],[89.615284058000043,26.169101461000096],[89.608462769000084,26.180676982000037],[89.606395711000118,26.211011047000099],[89.61332035300012,26.219382629000066],[89.634921102000078,26.225842183000012],[89.653007854000066,26.222689921000054],[89.658382202000041,26.207858785000028],[89.657828608000102,26.187174483000049],[89.657245321000062,26.165380758000097],[89.655798381000068,26.161298320000085],[89.658175497000116,26.159231262000034],[89.670371134000106,26.154115296000029],[89.677709188000108,26.153133443000073],[89.697656291000044,26.154787089000095],[89.706544637000036,26.154166972000056],[89.718481893000103,26.14553700800009],[89.724321330000066,26.130654195000048],[89.728765503000091,26.114169413000084],[89.736723673000029,26.100578511],[89.74984948700012,26.083887024000049],[89.751141399000062,26.071536357000085],[89.748712606000083,26.05903066000009],[89.750211223000122,26.041564026000046],[89.755843954000113,26.032417297000066],[89.776411174000032,26.008232727000077],[89.783955932000083,25.995106913000129],[89.789433635000137,25.987975565000099],[89.795531454000127,25.985960185000053],[89.802042684000071,25.988647360000058],[89.80886397300003,25.995106913000129],[89.809174031000111,25.995106913000129],[89.809329061000085,25.995210266000058],[89.811034383000049,25.996037089000069],[89.812688029000071,25.996347148000055],[89.814134969000065,25.996140442000112],[89.815271850000101,25.995106913000129],[89.828656047000038,25.979397278000064],[89.825607137000077,25.965703024000035],[89.811551147000046,25.955212708000076],[89.792017456000053,25.949114889000029],[89.810724325000137,25.938779603000015],[89.826433960000031,25.937487691000072],[89.834392130000083,25.931751608000113],[89.830051311000091,25.90798044900005],[89.786953166000103,25.839147441000065],[89.783129110000061,25.814446107000052],[89.801525920000131,25.724684144000051],[89.824211873000081,25.674092916000106],[89.834392130000083,25.63476715100002],[89.825090373000137,25.564487203000041],[89.823230021000029,25.489142965000056],[89.808567939658644,25.439507111963621],[89.80069909700012,25.41286855100013],[89.79923403500004,25.402892809000022],[89.795014690000073,25.374162903000112],[89.798528687000044,25.340056458000035],[89.807365356000048,25.304503073],[89.819044230000088,25.284969381000067],[89.834598836000112,25.282437236000092],[89.870203898000113,25.295563050000069],[89.908134400000108,25.296906637000021],[90.130084677000127,25.211588847000044],[90.286922648000029,25.180066223000082],[90.364644003000137,25.149990540000104],[90.399783977000084,25.149008687000034],[90.501379842000119,25.168800761000014],[90.583338664000053,25.162031149000072],[90.623439575000077,25.171436259000032],[90.637598918000094,25.171074524000048],[90.64896773300012,25.167818909000047],[90.670568481000089,25.158775533],[90.707672160000129,25.152987773000021],[90.716353800000093,25.153556214000062],[90.722038208000072,25.156605123000091],[90.732683554000062,25.166888733000079],[90.737954549000051,25.169420879000072],[90.75397424300013,25.167560527000077],[90.766893351000135,25.160532532000062],[90.77939904800013,25.151954244000038],[90.793971802000101,25.145391337000049],[90.821980428000074,25.142290752000108],[90.934821386000067,25.156359858000044],[90.943420045000096,25.157431946000131],[90.975149374000125,25.167818909000047],[91.13534631400006,25.191228333000097],[91.190846802000124,25.189471334000032],[91.20314579300009,25.191331686000026],[91.224953247000087,25.201615296000043],[91.23570194500013,25.201925354000096],[91.283967733000054,25.178981018000073],[91.431865683000126,25.137949931000023],[91.47103641800004,25.133919170000027],[91.4807515870001,25.135262757000092],[91.500905396000064,25.14115387],[91.511654094000107,25.142497457000061],[91.523436321000077,25.145184632000095],[91.540179484000134,25.157638652000074],[91.548757772000101,25.161100973000103],[91.566121053000074,25.15996409100002],[91.573459107000076,25.152264302000034],[91.580177043000106,25.140895488000027],[91.596196737000071,25.128906555000086],[91.61314660700009,25.12513417600006],[91.638674764000029,25.12404897100005],[91.662032511000064,25.127201233],[91.672264445000053,25.136502991000029],[91.677432088000046,25.152626038000037],[91.688904257000047,25.152987773000021],[91.701823364000063,25.147148336000029],[91.710711711000101,25.14466786800007],[91.717739706000089,25.149835511000063],[91.723734172000036,25.161927796000057],[91.730142049000051,25.167457174000063],[91.745334921000108,25.169369202000055],[91.793704061000028,25.16533844000007],[91.900570923000089,25.177585754000106],[91.956278117000124,25.169782613000066],[91.975088338000035,25.175363668],[92.001753377000057,25.18296010400006],[92.033999471000129,25.181668193000107],[92.066038860000049,25.174536845000077],[92.09291060400011,25.164718323],[92.100455363000094,25.159085592000068],[92.110377238000069,25.144874573000024],[92.116164999000034,25.139448548000033],[92.124123169000029,25.136968079000056],[92.138592570000128,25.136399638000015],[92.145517212000129,25.131697082000031],[92.15099491400008,25.129733379000086],[92.16474084500004,25.133557434000053],[92.172699016000081,25.131955465000104],[92.179210246000082,25.126684469000068],[92.194093059000124,25.109166159000026],[92.208045695000123,25.098107401],[92.220137980000118,25.090381775000097],[92.233677206000095,25.084955750000049],[92.251557251000122,25.080795797000107],[92.303543742000045,25.074284566000031],[92.312122030000069,25.068600159000098],[92.328141724000034,25.048007101000096],[92.35625370300005,25.037000021],[92.381058391000124,25.023434957000021],[92.384937035000064,25.004773236000048],[92.386875924000037,24.995444456000101],[92.386926351000056,24.99520183],[92.386949504000029,24.995090434000119],[92.394700969000041,24.993230082000096],[92.41186000600004,24.987527227000058],[92.412139500000137,24.987434336],[92.4122709560001,24.987390646000037],[92.41246032100014,24.984360817000081],[92.412477662000072,24.98408335400002],[92.44444627300004,24.962427197000082],[92.444517049000069,24.962379252000019],[92.453768770000124,24.958231063000099],[92.454025513000033,24.958115947000081],[92.457828128000074,24.953557685000035],[92.458056275000047,24.953284201000045],[92.450028486000065,24.946636187000038],[92.449788046000094,24.946437073000098],[92.474272333000101,24.936715371000062],[92.474386027000094,24.93667022800004],[92.483791138000129,24.92822113000004],[92.491267148000077,24.912424218000055],[92.491335897000056,24.912278951000118],[92.494539836000058,24.894863993000072],[92.491542602000038,24.883727722000046],[92.477693319000082,24.863909810000067],[92.442036580000092,24.855409037000058],[92.380748332000053,24.836702169000077],[92.370929809000074,24.837916565000015],[92.363591756000062,24.841017151000059],[92.363507409000135,24.841120014000026],[92.359354289000123,24.846184794000052],[92.359320577000062,24.84642836600004],[92.35832076000014,24.853652039000096],[92.358146052000052,24.853748899000024],[92.290417929000114,24.891298320000104],[92.290244500000028,24.891351286000045],[92.252177368000105,24.902977194000087],[92.223031861000095,24.891375834000129],[92.217657511000027,24.874580994000084],[92.221759058000032,24.857046883000052],[92.22179162600014,24.856907654000068],[92.234927861000074,24.82499071000008],[92.235020793000047,24.824764914000028],[92.236881144000051,24.808590190000032],[92.23646773300004,24.793035584],[92.233780559000081,24.777532654000098],[92.182930949000081,24.647256368000015],[92.173422486000106,24.608395692000059],[92.168874960000039,24.574315084000077],[92.163603963000128,24.559199728000081],[92.153165324000099,24.54454945900001],[92.149979861781162,24.542182953880172],[92.138592570000128,24.533723246000065],[92.123192993000032,24.525377503000087],[92.110894003000112,24.514292908000087],[92.105933065000045,24.495250143000092],[92.11120406100008,24.434297791000049],[92.107586711000124,24.405979106000061],[92.088259725000057,24.381639507000031],[92.062731568000117,24.37102],[92.033379354000033,24.368849590000067],[91.949973592000106,24.375386658000039],[91.948836711000069,24.363526917000016],[91.971367635000092,24.329678853000118],[91.972194459000036,24.316062114000104],[91.953074178000122,24.322986755],[91.93095666500011,24.336965231000093],[91.921861613000033,24.344509990000049],[91.899847453000064,24.338050435000085],[91.896436809000136,24.320118714000031],[91.906875448000051,24.280353699000031],[91.90594527200011,24.260639140000066],[91.884344523000038,24.17555389500005],[91.877109823000069,24.158035584000075],[91.864500773000088,24.150594177000059],[91.844243612000071,24.155322571000042],[91.813754517000064,24.183124492],[91.811377401000129,24.192038676000024],[91.809723755000107,24.214543763000037],[91.807036581000034,24.221132507000036],[91.79659794100013,24.221597595000063],[91.73293257600011,24.234284159000097],[91.723010702000124,24.22097747800008],[91.725801229000069,24.202063904000042],[91.732002400000056,24.181677551000107],[91.732622518000028,24.164314270000077],[91.721150351000119,24.148992208000024],[91.703683716000057,24.142946065000089],[91.684150025000065,24.145478211000082],[91.666166626000063,24.155916850000025],[91.657174927000028,24.171368104000109],[91.639501587000041,24.211701559000076],[91.629062948000069,24.215318909000061],[91.624515421000069,24.203459168000037],[91.61376672300014,24.140103862],[91.606015259000117,24.11886484800003],[91.596506795000039,24.104989726000056],[91.581830689000071,24.096101380000064],[91.558679647000076,24.089667663000014],[91.517545207000069,24.085197652000076],[91.480441529000132,24.088014018000067],[91.404580526000075,24.103129374000062],[91.363032675000113,24.099847921000062],[91.350837036000087,24.074242249000022],[91.34928674300005,24.036053366000132],[91.339054810000107,23.995228984000036],[91.327065878000042,23.987865092000035],[91.31621382700007,23.989467062000088],[91.308432577000133,23.992501035000103],[91.30494836400004,23.993859558000068],[91.291615845000081,23.994815573000025],[91.274149211000065,23.988226827000048],[91.260920044000045,23.977271424000079],[91.25037805200003,23.96404225700006],[91.216271607000124,23.908386739000051],[91.211930786000039,23.894459941000079],[91.212757609000107,23.880739848000033],[91.224023071000033,23.857485453000024],[91.228157186000089,23.844979757000104],[91.225263306000102,23.826143698000109],[91.205212850000123,23.771573385000082],[91.194980916000134,23.755166118000105],[91.176584107000053,23.746536154000083],[91.157567179000068,23.744985861000046],[91.141754191000075,23.739895732000079],[91.13234908000004,23.720646261000056],[91.136586548000082,23.698890483000028],[91.152399537000065,23.691009827000087],[91.168935995000083,23.685377096000067],[91.175240520000102,23.67031341600007],[91.166455526000107,23.654087016000048],[91.152296184000136,23.655094707000032],[91.139687134000042,23.653570251000119],[91.136276489000124,23.629514872000087],[91.140824015000135,23.612099915000059],[91.169866170000034,23.561973776000045],[91.177514283000107,23.544274597000125],[91.185885865000103,23.511563416000044],[91.195084269000063,23.495181986000077],[91.203352499000118,23.487921448000108],[91.220819133000077,23.47789622000009],[91.227330363000135,23.468775330000099],[91.229707479000069,23.461178894000042],[91.234461711000051,23.436270854000085],[91.247897583000054,23.393766989000127],[91.2581295170001,23.373639018000048],[91.270945272000063,23.364595643000101],[91.283967733000054,23.36144338000004],[91.287275025000042,23.35555226700005],[91.282934204000071,23.347645773000082],[91.272908977000043,23.338499044000017],[91.26577762900007,23.329352315000037],[91.267534627000089,23.321549174],[91.272908977000043,23.313487651000017],[91.277249796000092,23.303255717000027],[91.300504192000119,23.142309469000011],[91.313526652000064,23.101045838000076],[91.337401164000028,23.071073507000037],[91.370887492000065,23.06277944],[91.374608195000064,23.095723165000052],[91.355901327000083,23.179645691000061],[91.355694621000112,23.224139099000027],[91.360965617000033,23.247522685],[91.372127726000087,23.261888733000077],[91.394348592000028,23.262663879000101],[91.413572225000053,23.248633728000087],[91.428144980000127,23.229513449000095],[91.436516561000076,23.214863180000023],[91.436206502000118,23.215715841000062],[91.439617147000035,23.222640482000131],[91.439927205000117,23.223518983000062],[91.446438436000051,23.215534973],[91.446748495000065,23.208791199000061],[91.445404908000114,23.203029277],[91.446438436000051,23.197887471000101],[91.461217896000107,23.184425761000043],[91.463595012000042,23.184115702000057],[91.470416301000114,23.153290711000082],[91.475067179000064,23.14308461500012],[91.498114869000119,23.069962464000056],[91.503282512000112,23.0444084680001],[91.506073039000057,23.041178691000127],[91.515581502000089,23.038801575000079],[91.518165324000051,23.03508087200008],[91.519405558000074,23.005625305000066],[91.523643026000059,22.995212504000037],[91.536562134000064,22.981854146],[91.549791300000038,22.977229106000053],[91.563123820000101,22.974981181000132],[91.576766399000064,22.968805848000059],[91.583070923000093,22.957798767000057],[91.582967570000051,22.94790273100007],[91.586068156000124,22.94446624800004],[91.602397909000047,22.952967021000049],[91.608289022000065,22.96033091300005],[91.612009725000064,22.969839376000053],[91.616660604000117,22.978055929000064],[91.625755656000081,22.98154408800012],[91.632783651000125,22.98030385300008],[91.639914998000052,22.978004253000066],[91.646942993000039,22.976583150000081],[91.654074341000069,22.978055929000064],[91.667613566000057,22.982629293000016],[91.694692017000136,22.988132833000108],[91.706991008000045,22.995367534000067],[91.7144324140001,23.00311899800009],[91.731278931000077,23.017330018000038],[91.738306926000064,23.02466807100005],[91.755050090000111,23.048232524000056],[91.756290324000076,23.052159933000027],[91.755566854000051,23.056836650000079],[91.755980265000062,23.061539206000063],[91.760941203000129,23.065492453000033],[91.764248494000128,23.065647481000084],[91.773756958000035,23.06489817300006],[91.776237427000069,23.065259909000062],[91.791326945000094,23.080375265000086],[91.795564412000033,23.089496155000049],[91.791947062000133,23.101149190000015],[91.779027954000128,23.131767476000036],[91.763938436000046,23.200626323000037],[91.749158977000036,23.232407329000083],[91.743681274000039,23.272327373000039],[91.762594849000095,23.321549174],[91.791637004000052,23.368342183000024],[91.817681926000034,23.400924174000082],[91.833804973000042,23.413894959000103],[91.889098755000134,23.43593495800009],[91.905118449000099,23.446631979000088],[91.918140910000034,23.459938660000105],[91.940775188000089,23.495181986000077],[91.942325480000079,23.534430237000052],[91.915970500000071,23.650159607000077],[91.914420207000035,23.688322653000071],[91.916487264000068,23.709871725000099],[91.922688436000101,23.722971700000059],[91.936641073000089,23.723540141000043],[91.949146770000084,23.709768372000084],[91.961652466000089,23.691139018000015],[92.003510377000055,23.647420757000035],[92.019013306000033,23.640056865000034],[92.042371053000068,23.64556040500004],[92.059630981000055,23.659487203000126],[92.092187134000028,23.701345114],[92.108413534000135,23.718243307000094],[92.150788208000051,23.731653341000126],[92.170631958000058,23.703644714000021],[92.180760539000119,23.665378317000105],[92.19429976400005,23.648144226000042],[92.209389282000075,23.661605937],[92.222101685000041,23.707778829000048],[92.238741496000046,23.716848043000098],[92.259308716000135,23.706486918000095],[92.259736604660532,23.70264057180492],[92.261685832000069,23.68511871300008],[92.250006958000029,23.642614848000036],[92.252797485000087,23.609309388],[92.29103804500005,23.495285340000109],[92.296825806000129,23.446580302000072],[92.301476685000068,23.431800842000072],[92.306747681000047,23.423868510000105],[92.319770142000039,23.412163798000037],[92.325351197000089,23.403507995000083],[92.326901490000125,23.39601491300003],[92.325351197000089,23.382165629000085],[92.32669478400004,23.375266825],[92.331655721000118,23.368652243],[92.344884888000081,23.359117940000104],[92.34860559100008,23.354105326000038],[92.349535767000134,23.344958598000076],[92.346745239000086,23.325295715000024],[92.3470552980001,23.315425517000037],[92.352222941000093,23.298837382000031],[92.356873820000033,23.289122213],[92.357493937000129,23.278941956000025],[92.350672649000046,23.260984395000051],[92.332689250000101,23.226257833000105],[92.328555135000045,23.211194153000022],[92.327624959000104,23.171429138000022],[92.353049765000094,23.029913228000069],[92.352222941000093,22.96033091300005],[92.359871053000063,22.92661204000008],[92.378681275000076,22.900437928000073],[92.4118575440001,22.887932231],[92.426326945000028,22.871059876000103],[92.435008586000095,22.793286846000072],[92.442036580000092,22.762926941000032],[92.453715454000076,22.747966614000049],[92.480690552000112,22.726159159000034],[92.491542602000038,22.711069641000037],[92.495883423000123,22.695618388000028],[92.50291141800011,22.618620504000106],[92.500844360000087,22.560536194000022],[92.504565064000076,22.543793030000089],[92.517380819000039,22.512580465],[92.518931112000075,22.495372213000039],[92.577015422000045,22.168673808000065],[92.575568482000051,22.143300680000053],[92.564199667000082,22.138339742000099],[92.54931685400004,22.138494772000072],[92.537327921000099,22.128624573000067],[92.55996219900004,22.061341859],[92.573088013000074,21.995402731000084],[92.575155070000051,21.98656606100009],[92.575878540000133,21.977574362000027],[92.590244588000076,21.917164612000121],[92.593035116000124,21.886933899000027],[92.575568482000051,21.733971660000051],[92.590244588000076,21.495536601000069],[92.592725057000052,21.470163472000067],[92.603267049000067,21.420089010000069],[92.639233846000081,21.318699850000101],[92.641039906000117,21.30858591800002],[92.642851197000027,21.298442688000094],[92.633756144000074,21.28221628900009],[92.614325806000068,21.263147685000021],[92.590864706000048,21.248884990000036],[92.57060754400004,21.247283020000012],[92.558721965000075,21.259840393000033],[92.551590617000045,21.280510966000051],[92.543942505000075,21.320921937000023],[92.524512167000069,21.361126201000033],[92.498673950000068,21.366603902000023],[92.465394328000116,21.35983429],[92.423123007000129,21.363658345000132],[92.400282024000035,21.370996400000124],[92.389636678000045,21.376525778000129],[92.381161744000053,21.384794006000064],[92.374237101000062,21.402312318000028],[92.372170044000029,21.419055481000086],[92.367932577000033,21.435436910000035],[92.35470341000007,21.451818340000088],[92.32266402200014,21.461895243000029],[92.284526815000106,21.419055481000086],[92.252900838000073,21.419520569000028],[92.236261028000058,21.417091777000039],[92.225098917000139,21.397454732000099],[92.211559692000037,21.354873352000041],[92.183654419000106,21.317201233],[92.178280071000131,21.299734599000075],[92.178073364000056,21.280149231000038],[92.185204712000029,21.240410055000055],[92.183964477000075,21.220876364000034],[92.178383423000071,21.191265767000075],[92.174972779000029,21.175607809000027],[92.180760539000119,21.157882793000013],[92.188305298000046,21.144085185000066],[92.211766398000123,21.12351796500009],[92.218380982000042,21.108635152000133],[92.224272095000117,21.093183899000039],[92.265147332000083,21.061102606000077],[92.258555535000028,21.022528387000079],[92.25709069100003,20.98110586100006],[92.261485222000033,20.940252997000073],[92.271983269000032,20.903509833000044],[92.300629102000073,20.862372137000079],[92.305430535000028,20.851955471000053],[92.307627800000034,20.833197333000044],[92.325938347000033,20.780585028000075],[92.33326256600003,20.767726955000057],[92.336273634000065,20.757147528000075],[92.333994988000029,20.74640534100007],[92.32553144600007,20.738714911000045],[92.319346550000034,20.742010809000078],[92.314219597000033,20.749253648000035],[92.309092644000032,20.753241278000075],[92.301036004000082,20.762274481000077],[92.278086785000028,20.814113674000055],[92.209727410000028,20.930812893000052],[92.192881707000083,20.995672919000071],[92.186289910000028,21.005845445000091],[92.13412519600007,21.04751211100006],[92.12435957100007,21.060451565000051],[92.108083530000044,21.089911200000074],[92.096853061000047,21.105861721000053],[92.052500847000033,21.154771226000037],[92.045420769000032,21.170965887000079],[92.043955925000034,21.19204336100006],[92.052256707000083,21.256659247000073],[92.05046634200005,21.280462958000044],[92.045258009000065,21.29954661700009],[91.989756707000083,21.394232489000046],[91.980479363000029,21.40375397300005],[91.969411655000044,21.40961334800005],[91.959727410000028,21.423976955000057],[91.952972852000073,21.441839911000045],[91.949717644000032,21.458400783000059],[91.955902540000068,21.458400783000059],[91.958018425000034,21.455023505000042],[91.958832227000073,21.454413153000075],[91.960134311000047,21.454250393000052],[91.963389519000032,21.452134507000039],[91.970876498000052,21.470038153000075],[91.982920769000032,21.488836981000077],[91.999034050000034,21.499497789000088],[92.017914259000065,21.493109442000048],[92.005381707000083,21.504299221000053],[91.99537194100003,21.522609768000052],[91.989756707000083,21.543402411000045],[91.990000847000033,21.561997789000088],[91.998545769000032,21.573187567000048],[92.012461785000028,21.58539459800005],[92.022146030000044,21.599351304000038],[92.017914259000065,21.616034247000073],[92.032969597000033,21.633002020000049],[92.035817905000044,21.640448309000078],[92.031748894000032,21.650132554000038],[92.037771030000044,21.659572658000059],[92.035899285000028,21.668158270000049],[92.02857506600003,21.674790757000039],[92.02279707100007,21.676825262000079],[92.025563998000052,21.687241929000038],[92.029307488000029,21.696234442000048],[92.029307488000029,21.704901434000078],[92.025401238000029,21.712836005000042],[92.023936394000032,21.704657294000071],[92.022146030000044,21.701564846000053],[92.017914259000065,21.698553778000075],[92.025401238000029,21.698553778000075],[92.012380405000044,21.664211330000057],[92.000743035000028,21.649807033000059],[91.983897332000083,21.650132554000038],[91.976084832000083,21.662054755000042],[91.978851759000065,21.677720445000091],[91.984222852000073,21.693508205000057],[91.983897332000083,21.70538971600007],[91.977061394000032,21.70538971600007],[91.97193444100003,21.68821849200009],[91.962657097000033,21.689520575000074],[91.953623894000032,21.701402085000041],[91.949717644000032,21.715969143000052],[91.952972852000073,21.738348700000074],[91.961924675000034,21.743841864000046],[91.974782748000052,21.746486721000053],[91.990000847000033,21.759995835000041],[91.983897332000083,21.766831773000035],[91.967295769000032,21.755438544000071],[91.96029707100007,21.763820705000057],[91.966563347000033,21.778876044000071],[91.990000847000033,21.787909247000073],[91.990000847000033,21.794826565000051],[91.943695509000065,21.791408596000053],[91.924082879000082,21.785223700000074],[91.908702019000032,21.781154690000051],[91.899261915000068,21.789496161000045],[91.900889519000032,21.813299872000073],[91.91138756600003,21.83470286700009],[91.92937259200005,21.843166408000059],[91.921641472000033,21.853420315000051],[91.925547722000033,21.862860419000071],[91.936289910000028,21.870835679000038],[91.949717644000032,21.876695054000038],[91.949717644000032,21.884182033000059],[91.939219597000033,21.883042710000041],[91.929942254000082,21.878648179000038],[91.922129754000082,21.871568101000037],[91.91570071700005,21.862453518000052],[91.910329623000052,21.874904690000051],[91.90560957100007,21.895575262000079],[91.901215040000068,21.935370184000078],[91.898203972000033,21.944891669000071],[91.88404381600003,21.960150458000044],[91.880869988000029,21.969183661000045],[91.880869988000029,22.007025458000044],[91.855235222000033,22.109198309000078],[91.853526238000029,22.143622137000079],[91.863942905000044,22.139593817000048],[91.867198113000029,22.137396552000041],[91.862071160000028,22.150620835000041],[91.853282097000033,22.14874909100007],[91.846039259000065,22.135972398000035],[91.846039259000065,22.116888739000046],[91.839854363000029,22.116888739000046],[91.829112175000034,22.134100653000075],[91.819346550000034,22.155951239000046],[91.812998894000032,22.18032461100006],[91.812022332000083,22.205023505000042],[91.816905144000032,22.220282294000071],[91.82585696700005,22.230047919000071],[91.834727410000028,22.237616278000075],[91.839854363000029,22.246649481000077],[91.838389519000032,22.263088283000059],[91.829844597000033,22.271307684000078],[91.819183790000068,22.275824286000045],[91.812022332000083,22.281398830000057],[91.808848504000082,22.306341864000046],[91.826508009000065,22.318264065000051],[91.852386915000068,22.325344143000052],[91.874034050000034,22.336004950000074],[91.884938998000052,22.35382721600007],[91.908050977000073,22.424750067000048],[91.901866082000083,22.424058335000041],[91.887705925000034,22.424750067000048],[91.885508660000028,22.409654039000088],[91.875743035000028,22.371079820000091],[91.877452019000032,22.363348700000074],[91.87045332100007,22.358099677000041],[91.859141472000033,22.346625067000048],[91.844004754000082,22.334947007000039],[91.826345248000052,22.329169012000079],[91.823252800000034,22.324164130000042],[91.798594597000033,22.311916408000059],[91.791351759000065,22.301906643000052],[91.793955925000034,22.286037502000056],[91.804535352000073,22.278469143000052],[91.817230665000068,22.27407461100006],[91.826345248000052,22.267767645000049],[91.825938347000033,22.248480536000045],[91.808929884000065,22.236273505000042],[91.787119988000029,22.237941799000055],[91.771657748000052,22.260321356000077],[91.754405144000032,22.374660549000055],[91.743662957000083,22.411078192000048],[91.676036004000082,22.53461334800005],[91.54810631600003,22.700344143000052],[91.516368035000028,22.712225653000075],[91.498708530000044,22.72728099200009],[91.484629754000082,22.745510158000059],[91.476817254000082,22.76117584800005],[91.469004754000082,22.757066148000035],[91.462412957000083,22.761908270000049],[91.458018425000034,22.772284247000073],[91.45630944100003,22.784816799000055],[91.45834394600007,22.797064520000049],[91.467784050000034,22.80931224200009],[91.47396894600007,22.838324286000045],[91.490000847000033,22.880560614000046],[91.490489129000082,22.904527085000041],[91.483083530000044,22.904527085000041],[91.479665561000047,22.885891018000052],[91.462412957000083,22.83344147300005],[91.45248457100007,22.822658596000053],[91.430430535000028,22.816310940000051],[91.416758660000028,22.799994208000044],[91.411631707000083,22.777818101000037],[91.414724155000044,22.753729559000078],[91.39966881600003,22.76430898600006],[91.385020379000082,22.770697333000044],[91.368337436000047,22.773993231000077],[91.346446160000028,22.77484772300005],[91.346446160000028,22.767401434000078],[91.367442254000082,22.761664130000042],[91.370127800000034,22.752183335000041],[91.360118035000028,22.743394273000035],[91.342621290000068,22.739447333000044],[91.290782097000033,22.738430080000057],[91.308848504000082,22.733099677000041],[91.325043165000068,22.726141669000071],[91.332774285000028,22.720200914000088],[91.329925977000073,22.70571523600006],[91.317393425000034,22.697211005000042],[91.300547722000033,22.693264065000051],[91.28443444100003,22.692287502000056],[91.283457879000082,22.693345445000091],[91.252777540000068,22.699286200000074],[91.248383009000065,22.698228257000039],[91.244802280000044,22.698391018000052],[91.24341881600003,22.702215887000079],[91.243907097000033,22.71743398600006],[91.24341881600003,22.720200914000088],[91.231211785000028,22.724310614000046],[91.21607506600003,22.726060289000088],[91.181895379000082,22.726467190000051],[91.181895379000082,22.720200914000088],[91.19459069100003,22.709662177000041],[91.199229363000029,22.698797919000071],[91.192149285000028,22.691636460000041],[91.168955925000034,22.692287502000056],[91.168955925000034,22.684881903000075],[91.226898634000065,22.671087958000044],[91.253428582000083,22.660711981000077],[91.264496290000068,22.640814520000049],[91.26107832100007,22.627875067000048],[91.253103061000047,22.613836981000077],[91.241568800000039,22.575395765000053],[91.221364576000042,22.557192605000068],[91.20274304600008,22.543219639000085],[91.176565684000082,22.536419414000079],[91.127343458000041,22.527025948000073],[91.089200582000046,22.544430256000055],[91.069579671000042,22.571556869000062],[91.058604363000029,22.614325262000079],[91.048675977000073,22.626166083000044],[91.037933790000068,22.643866278000075],[91.02670332100007,22.674261786000045],[91.018321160000028,22.683091539000088],[91.003754102000073,22.678656317000048],[91.018728061000047,22.664455471000053],[91.032237175000034,22.636867580000057],[91.040212436000047,22.60773346600007],[91.037933790000068,22.58860911700009],[91.017588738000029,22.579291083000044],[90.985118035000028,22.574367580000057],[90.954925977000073,22.575832424000055],[90.941742384000065,22.585882880000042],[90.935557488000029,22.599676825000074],[90.908213738000029,22.617865302000041],[90.90202884200005,22.627101955000057],[90.898773634000065,22.63617584800005],[90.88412519600007,22.654486395000049],[90.876475457000083,22.682806708000044],[90.865489129000082,22.687160549000055],[90.835948113000029,22.684881903000075],[90.83130944100003,22.690578518000052],[90.819509311000047,22.726467190000051],[90.81177819100003,22.732367255000042],[90.802582227000073,22.736395575000074],[90.794932488000029,22.741359768000052],[90.78834069100003,22.75922272300005],[90.774180535000028,22.77806224200009],[90.771006707000083,22.784816799000055],[90.769541863000029,22.795355536000045],[90.757334832000083,22.822658596000053],[90.750010613000029,22.856756903000075],[90.741953972000033,22.874212958000044],[90.732920769000032,22.889064846000053],[90.725596550000034,22.90570709800005],[90.722666863000029,22.92845286700009],[90.717458530000044,22.940619208000044],[90.640147332000083,23.038031317000048],[90.629405144000032,23.064398505000042],[90.627126498000052,23.075873114000046],[90.627207879000082,23.08665599200009],[90.638682488000029,23.14789459800005],[90.640147332000083,23.188869533000059],[90.64584394600007,23.210923570000091],[90.657074415000068,23.230373440000051],[90.665212436000047,23.24876536700009],[90.661143425000034,23.267645575000074],[90.66732832100007,23.267645575000074],[90.650889519000032,23.30023834800005],[90.650157097000033,23.313544012000079],[90.661143425000034,23.322251695000091],[90.657725457000083,23.323228257000039],[90.654795769000032,23.323309637000079],[90.653168165000068,23.324652411000045],[90.65365644600007,23.329738674000055],[90.628428582000083,23.321519273000035],[90.611338738000029,23.342474677000041],[90.601735873000052,23.372463283000059],[90.599131707000083,23.391180731000077],[90.600271030000044,23.44993724200009],[90.60873457100007,23.472723700000074],[90.633311394000032,23.486761786000045],[90.691579623000052,23.486476955000057],[90.715017123000052,23.49835846600007],[90.715830925000034,23.535142320000091],[90.711192254000082,23.548814195000091],[90.705577019000032,23.554510809000078],[90.702319325038559,23.554836578563016],[90.695811394000032,23.555487372000073],[90.678233269000032,23.555080471000053],[90.67546634200005,23.550930080000057],[90.684336785000028,23.54173411700009],[90.702159050000034,23.528387762000079],[90.695323113000029,23.507879950000074],[90.677744988000029,23.517279364000046],[90.666758660000028,23.51821523600006],[90.647471550000034,23.507879950000074],[90.622080925000034,23.500067450000074],[90.607758009000065,23.491115627000056],[90.603363477000073,23.494696356000077],[90.588145379000082,23.534165757000039],[90.592051629000082,23.562486070000091],[90.608164910000028,23.585760809000078],[90.633311394000032,23.596625067000048],[90.627126498000052,23.603461005000042],[90.625336134000065,23.599351304000038],[90.625254754000082,23.598334052000041],[90.624034050000034,23.598089911000045],[90.619639519000032,23.596625067000048],[90.611989780000044,23.60610586100006],[90.595469597000033,23.604396877000056],[90.558767123000052,23.590399481000077],[90.564463738000029,23.576402085000041],[90.559418165000068,23.567938544000071],[90.547211134000065,23.563788153000075],[90.531504754000082,23.562486070000091],[90.514659050000034,23.563788153000075],[90.501719597000033,23.567938544000071],[90.476328972000033,23.582953192000048],[90.484385613000029,23.567450262000079],[90.498383009000065,23.55727773600006],[90.51498457100007,23.55141836100006],[90.531504754000082,23.548814195000091],[90.568695509000065,23.54751211100006],[90.576833530000044,23.539496161000045],[90.578949415000068,23.44985586100006],[90.575938347000033,23.438950914000088],[90.568125847000033,23.432928778000075],[90.55990644600007,23.418402411000045],[90.553721550000034,23.40070221600007],[90.551931186000047,23.384955145000049],[90.518321160000028,23.398260809000078],[90.322438998000052,23.433294989000046],[90.28443444100003,23.446193752000056],[90.250336134000065,23.466945705000057],[90.24935957100007,23.45538971600007],[90.258799675000034,23.444566148000035],[90.388519727000073,23.372381903000075],[90.404144727000073,23.360419012000079],[90.41342207100007,23.34796784100007],[90.419688347000033,23.335598049000055],[90.428477410000028,23.326117255000042],[90.46021569100003,23.319728908000059],[90.48796634200005,23.306830145000049],[90.50359134200005,23.301743882000039],[90.569102410000028,23.294989325000074],[90.577321811000047,23.288397528000075],[90.606618686000047,23.247219143000052],[90.610850457000083,23.23078034100007],[90.61451256600003,23.195461330000057],[90.610362175000034,23.201157945000091],[90.602712436000047,23.211004950000074],[90.593516472000033,23.219875393000052],[90.598399285000028,23.200425523000035],[90.60287519600007,23.141302802000041],[90.599131707000083,23.11749909100007],[90.57195071700005,23.081732489000046],[90.565603061000047,23.075873114000046],[90.553721550000034,23.078558661000045],[90.551280144000032,23.086900132000039],[90.55591881600003,23.096828518000052],[90.565603061000047,23.10382721600007],[90.565603061000047,23.110663153000075],[90.558767123000052,23.110663153000075],[90.547618035000028,23.096747137000079],[90.536631707000083,23.086818752000056],[90.52279707100007,23.080145575000074],[90.50359134200005,23.075873114000046],[90.46607506600003,23.076849677000041],[90.453623894000032,23.072333075000074],[90.44890384200005,23.055731512000079],[90.450124545000051,23.049343166000085],[90.45435631600003,23.027533270000049],[90.468272332000083,22.996079820000091],[90.486989780000044,22.966131903000075],[90.507009311000047,22.942084052000041],[90.509287957000083,22.936997789000088]]],[[[90.628052252000032,22.812082197000052],[90.590955634000068,22.813918922000084],[90.56177819100003,22.788804429000038],[90.54656009200005,22.783677476000037],[90.53155868500005,22.769236749000072],[90.529677236000055,22.744363068000041],[90.534612117000052,22.72877529100009],[90.520992829000079,22.711765344000071],[90.510961293000037,22.722723883000072],[90.498220248000052,22.73383209800005],[90.496755405000044,22.743150132000039],[90.492849155000044,22.753241278000075],[90.482920769000032,22.759751695000091],[90.455739780000044,22.767401434000078],[90.46420332100007,22.778876044000071],[90.465668165000068,22.788072007000039],[90.462657097000033,22.815822658000059],[90.463145379000082,22.834051825000074],[90.46607506600003,22.851752020000049],[90.473399285000028,22.865139065000051],[90.486827019000032,22.870428778000075],[90.52116946700005,22.864650783000059],[90.537608269000032,22.866766669000071],[90.544444207000083,22.880682684000078],[90.552744988000029,22.881740627000056],[90.592295769000032,22.881903387000079],[90.606618686000047,22.87726471600007],[90.626760276000027,22.857215927000084],[90.645253503000049,22.84928934900006],[90.663629592000063,22.828918033000036],[90.678233269000032,22.808335679000038],[90.662364129000082,22.805487372000073],[90.628052252000032,22.812082197000052]]],[[[90.469493035000028,23.007635809000078],[90.460948113000029,23.048488674000055],[90.455739780000044,23.06281159100007],[90.494395379000082,23.062933661000045],[90.502452019000032,23.064886786000045],[90.510427280000044,23.069037177000041],[90.517100457000083,23.05931224200009],[90.515635613000029,23.051947333000044],[90.500173373000052,23.038031317000048],[90.47779381600003,23.012396552000041],[90.469493035000028,23.007635809000078]]],[[[90.426605665000068,23.375962632000039],[90.429698113000029,23.385158596000053],[90.455739780000044,23.384955145000049],[90.49187259200005,23.373032945000091],[90.539398634000065,23.350002346000053],[90.577647332000083,23.323635158000059],[90.586192254000082,23.301743882000039],[90.549571160000028,23.326239325000074],[90.529551629000082,23.333563544000071],[90.524099155000044,23.322251695000091],[90.506114129000082,23.314195054000038],[90.487071160000028,23.319037177000041],[90.468760613000029,23.331610419000071],[90.437266472000033,23.361802476000037],[90.426605665000068,23.375962632000039]]],[[[91.98170006600003,21.588080145000049],[91.972422722000033,21.546087958000044],[91.970225457000083,21.523586330000057],[91.961110873000052,21.50617096600007],[91.939219597000033,21.505357164000088],[91.914073113000029,21.509466864000046],[91.894541863000029,21.506781317000048],[91.894541863000029,21.50141022300005],[91.899180535000028,21.493841864000046],[91.89966881600003,21.486029364000046],[91.887705925000034,21.480129299000055],[91.877126498000052,21.481024481000077],[91.86841881600003,21.486761786000045],[91.86255944100003,21.494940497000073],[91.858246290000068,21.512640692000048],[91.855235222000033,21.519476630000042],[91.855479363000029,21.526678778000075],[91.871104363000029,21.547674872000073],[91.873708530000044,21.558010158000059],[91.874034050000034,21.581854559000078],[91.868907097000033,21.622219143000052],[91.847911004000082,21.688788153000075],[91.853526238000029,21.725816148000035],[91.86296634200005,21.745591539000088],[91.87232506600003,21.754828192000048],[91.883311394000032,21.753892320000091],[91.897959832000083,21.743312893000052],[91.902842644000032,21.730292059000078],[91.898203972000033,21.714829820000091],[91.890879754000082,21.698960679000038],[91.887705925000034,21.684963283000059],[91.903330925000034,21.702866929000038],[91.90951582100007,21.726792710000041],[91.908376498000052,21.752183335000041],[91.901215040000068,21.774318752000056],[91.919118686000047,21.776841539000088],[91.935557488000029,21.781154690000051],[91.935883009000065,21.765122789000088],[91.935557488000029,21.759995835000041],[91.93873131600003,21.714829820000091],[91.974864129000082,21.64874909100007],[91.983897332000083,21.609198309000078],[91.98170006600003,21.588080145000049]]],[[[91.832530144000032,21.725816148000035],[91.823985222000033,21.742621161000045],[91.839854363000029,21.825506903000075],[91.832530144000032,21.876695054000038],[91.836192254000082,21.894110419000071],[91.84343509200005,21.90696849200009],[91.867198113000029,21.93195221600007],[91.871104363000029,21.928859768000052],[91.87273196700005,21.925604559000078],[91.874034050000034,21.917669989000046],[91.88607832100007,21.880275783000059],[91.887705925000034,21.866156317000048],[91.88445071700005,21.850287177000041],[91.87037194100003,21.824611721000053],[91.862803582000083,21.789984442000048],[91.84107506600003,21.735419012000079],[91.832530144000032,21.725816148000035]]],[[[90.95671634200005,22.14484284100007],[90.948985222000033,22.121649481000077],[90.92937259200005,22.116888739000046],[90.91920006600003,22.132147528000075],[90.920258009000065,22.160060940000051],[90.927500847000033,22.190252997000073],[90.935557488000029,22.212469794000071],[90.941742384000065,22.205023505000042],[90.947113477000073,22.211615302000041],[90.951182488000029,22.212469794000071],[90.954112175000034,22.208075262000079],[90.95671634200005,22.198879299000055],[90.95671634200005,22.14484284100007]]],[[[90.994802280000044,22.213812567000048],[90.987803582000083,22.195379950000074],[90.976410352000073,22.185777085000041],[90.977061394000032,22.239203192000048],[90.982920769000032,22.259182033000059],[90.996918165000068,22.253485419000071],[90.997813347000033,22.23509349200009],[90.994802280000044,22.213812567000048]]],[[[91.186784662000036,22.227757465000082],[91.170576339000036,22.197170808000067],[91.160899285000028,22.182074286000045],[91.154307488000029,22.169663804000038],[91.141467650000038,22.146201361000067],[91.120711971000048,22.130301388000078],[91.106373953000059,22.121657900000059],[91.093689318000031,22.11885882200005],[91.082407719000059,22.101382523000041],[91.063293649000059,22.089847552000037],[91.038584832000083,22.091131903000075],[91.022471550000034,22.094875393000052],[91.011257169000032,22.102090665000048],[91.005111115000034,22.116821943000048],[91.03395508300008,22.148779882000042],[91.052256707000083,22.175441799000055],[91.059092644000032,22.19204336100006],[91.068273939000051,22.240732781000077],[91.069119534000038,22.311029637000047],[91.074800663000076,22.388589827000089],[91.092256984000073,22.391338292000057],[91.126898793000066,22.374864818000049],[91.148847154000066,22.357056968000052],[91.156450276000044,22.332078852000052],[91.171397332000083,22.319647528000075],[91.181407097000033,22.283596096000053],[91.181895379000082,22.260321356000077],[91.186784662000036,22.227757465000082]]],[[[90.96021569100003,22.32298411700009],[90.96615644600007,22.347398179000038],[90.976410352000073,22.363348700000074],[90.983897332000083,22.355902411000045],[90.98951256600003,22.340765692000048],[90.99350019600007,22.322333075000074],[90.994395379000082,22.302069403000075],[90.990082227000073,22.281398830000057],[90.952891472000033,22.226752020000049],[90.93718509200005,22.23273346600007],[90.940196160000028,22.24681224200009],[90.95053144600007,22.263617255000042],[90.95671634200005,22.27765534100007],[90.96021569100003,22.32298411700009]]],[[[90.601573113000029,22.448309637000079],[90.607595248000052,22.450344143000052],[90.614431186000047,22.449042059000078],[90.619639519000032,22.445257880000042],[90.633148634000065,22.431626695000091],[90.64771569100003,22.407212632000039],[90.658702019000032,22.37954336100006],[90.661143425000034,22.355902411000045],[90.650157097000033,22.376166083000044],[90.647471550000034,22.383775132000039],[90.640391472000033,22.366034247000073],[90.646739129000082,22.326076565000051],[90.640147332000083,22.308742580000057],[90.635020379000082,22.317613023000035],[90.63404381600003,22.328355210000041],[90.634287957000083,22.339544989000046],[90.633311394000032,22.349676825000074],[90.640147332000083,22.349676825000074],[90.633799675000034,22.367621161000045],[90.626149936000047,22.40696849200009],[90.619639519000032,22.424750067000048],[90.613617384000065,22.428615627000056],[90.606944207000083,22.427435614000046],[90.601410352000073,22.429185289000088],[90.599131707000083,22.44212474200009],[90.601573113000029,22.448309637000079]]],[[[90.836192254000082,22.178168036000045],[90.827891472000033,22.152411200000074],[90.77475019600007,22.075913804000038],[90.757334832000083,22.061672268000052],[90.755869988000029,22.065985419000071],[90.750010613000029,22.075995184000078],[90.727061394000032,22.053697007000039],[90.717784050000034,22.048407294000071],[90.691661004000082,22.007025458000044],[90.68287194100003,22.003973700000074],[90.670420769000032,21.997707424000055],[90.657725457000083,21.992865302000041],[90.647471550000034,21.994045315000051],[90.639414910000028,22.016099351000037],[90.651215040000068,22.044623114000046],[90.669932488000029,22.07493724200009],[90.681813998000052,22.102606512000079],[90.625987175000034,22.027167059000078],[90.610036655000044,22.024115302000041],[90.603526238000029,22.044012762000079],[90.607758009000065,22.072333075000074],[90.618988477000073,22.101304429000038],[90.633311394000032,22.123114325000074],[90.622243686000047,22.145086981000077],[90.631846550000034,22.182114976000037],[90.67351321700005,22.266424872000073],[90.678477410000028,22.282782294000071],[90.681813998000052,22.301906643000052],[90.681895379000082,22.360419012000079],[90.687998894000032,22.377630927000041],[90.679942254000082,22.407171942000048],[90.677744988000029,22.426703192000048],[90.681813998000052,22.439032294000071],[90.681813998000052,22.445257880000042],[90.670583530000044,22.463853257000039],[90.658946160000028,22.524400132000039],[90.647471550000034,22.54828522300005],[90.631358269000032,22.561590887000079],[90.574961785000028,22.598863023000035],[90.558767123000052,22.602932033000059],[90.55396569100003,22.639797268000052],[90.55632571700005,22.674709377000056],[90.578623894000032,22.757025458000044],[90.585459832000083,22.768052476000037],[90.596202019000032,22.775376695000091],[90.613454623000052,22.781683661000045],[90.631032748000052,22.785630601000037],[90.650563998000052,22.78742096600007],[90.66061944900008,22.757804896000039],[90.67154649400004,22.722410315000047],[90.684095252000077,22.694372801000043],[90.701369487000079,22.661898417000089],[90.715507023000043,22.638283560000048],[90.731271613000047,22.620527278000054],[90.74697855800008,22.596906803000081],[90.754507385000068,22.548434354000051],[90.76694021600008,22.517531391000091],[90.790552519000073,22.495333023000057],[90.834636880000062,22.45829561000005],[90.855024091000075,22.43466514000005],[90.835022009000056,22.339615964000075],[90.836192254000082,22.178168036000045]]],[[[90.667002800000034,22.45844147300005],[90.66732832100007,22.439032294000071],[90.657074415000068,22.433661200000074],[90.65365644600007,22.431057033000059],[90.647471550000034,22.424750067000048],[90.653493686000047,22.483465887000079],[90.656016472000033,22.480698960000041],[90.661143425000034,22.480047919000071],[90.66529381600003,22.469142971000053],[90.667002800000034,22.45844147300005]]],[[[91.159533241000076,22.450674247000052],[91.134163288000082,22.449480400000084],[91.11370966000004,22.46141485000004],[91.123562150000055,22.489145564000069],[91.158618605000072,22.503423074000068],[91.199987966000037,22.514694415000065],[91.210830486000077,22.495521457000052],[91.201017198000045,22.472195996000039],[91.180244454000047,22.459238753000079],[91.159533241000076,22.450674247000052]]],[[[91.476052165000056,22.413317257000074],[91.446517271000062,22.453242453000087],[91.429658286000063,22.493002901000068],[91.423786399000051,22.525301950000085],[91.446764587000075,22.576303983000059],[91.467556614000046,22.586309651000079],[91.556360625000082,22.478210170000068],[91.56363308400006,22.435621052000045],[91.555179078000037,22.402031244000057],[91.507519217000038,22.396796588000086],[91.476052165000056,22.413317257000074]]],[[[90.662364129000082,22.927801825000074],[90.66732832100007,22.918198960000041],[90.636241082000083,22.92133209800005],[90.627126498000052,22.925034898000035],[90.619639519000032,22.932521877000056],[90.607676629000082,22.95258209800005],[90.599131707000083,22.959173895000049],[90.588715040000068,22.962062893000052],[90.584727410000028,22.96039459800005],[90.581228061000047,22.956529039000088],[90.572520379000082,22.953029690000051],[90.561696811000047,22.951564846000053],[90.53451582100007,22.951239325000074],[90.524099155000044,22.953029690000051],[90.508067254000082,22.975775458000044],[90.528005405000044,23.007635809000078],[90.561289910000028,23.032619533000059],[90.586192254000082,23.034898179000038],[90.607269727000073,23.018133856000077],[90.645355665000068,22.974839585000041],[90.66732832100007,22.959173895000049],[90.66732832100007,22.953029690000051],[90.641612175000034,22.952297268000052],[90.633311394000032,22.953029690000051],[90.644704623000052,22.945990302000041],[90.654633009000065,22.937323309000078],[90.662364129000082,22.927801825000074]]]]}}
]
}
